-- Seeds iniciais - Regiões, Municípios, Partidos, Prefeitos e Mandatos
-- Gerado em 2026-02-11 00:00:00
SET NAMES utf8mb4;
SET FOREIGN_KEY_CHECKS = 0;

INSERT INTO `regiao_integracao` (`id`, `legacy_id`, `descricao`, `created_at`, `updated_at`) VALUES
  (1, 1, 'Marajó', '2026-01-27 01:53:51', NULL),
  (2, 2, 'Guajará', '2026-01-27 01:53:51', NULL),
  (3, 3, 'Guamá', '2026-01-27 01:53:51', NULL),
  (4, 4, 'Rio Caeté', '2026-01-27 01:53:51', NULL),
  (5, 5, 'Tocantins', '2026-01-27 01:53:51', NULL),
  (6, 6, 'Rio Capim', '2026-01-27 01:53:51', NULL),
  (7, 7, 'Lago de Tucuruí', '2026-01-27 01:53:51', NULL),
  (8, 8, 'Araguaia', '2026-01-27 01:53:51', NULL),
  (9, 9, 'Carajás', '2026-01-27 01:53:51', NULL),
  (10, 10, 'Baixo Amazonas', '2026-01-27 01:53:51', NULL),
  (11, 11, 'Tapajós', '2026-01-27 01:53:51', NULL),
  (12, 12, 'Xingu', '2026-01-27 01:53:51', NULL),
  (13, 13, 'Estado', '2026-01-27 01:53:51', NULL);


INSERT INTO `municipio` (`id`, `legacy_id`, `regiao_id`, `nome`, `uf`, `codigo_ibge`, `codigo_tse`, `codigo_sigplan`, `created_at`, `updated_at`) VALUES
  (1, 1, 5, 'Abaetetuba', 'PA', '1500107', 4014, 1, '2026-01-27 01:53:51', '2026-02-11 09:07:53'),
  (2, 2, 6, 'Abel Figueiredo', 'PA', '1500131', 4502, 2, '2026-01-27 01:53:51', '2026-02-11 09:07:53'),
  (3, 3, 5, 'Acará', 'PA', '1500206', 4030, 3, '2026-01-27 01:53:51', '2026-02-11 09:07:53'),
  (4, 4, 1, 'Afuá', 'PA', '1500305', 4057, 4, '2026-01-27 01:53:51', '2026-02-11 09:07:53'),
  (5, 5, 8, 'Água Azul do Norte', 'PA', '1500347', 4260, 5, '2026-01-27 01:53:51', '2026-02-11 09:07:53'),
  (6, 6, 10, 'Alenquer', 'PA', '1500404', 4073, 6, '2026-01-27 01:53:51', '2026-02-11 09:07:53'),
  (7, 7, 10, 'Almeirim', 'PA', '1500503', 4090, 7, '2026-01-27 01:53:51', '2026-02-11 09:07:53'),
  (8, 8, 12, 'Altamira', 'PA', '1500602', 4111, 8, '2026-01-27 01:53:51', '2026-02-11 09:07:53'),
  (9, 9, 1, 'Anajás', 'PA', '1500701', 4138, 9, '2026-01-27 01:53:51', '2026-02-11 09:07:53'),
  (10, 10, 2, 'Ananindeua', 'PA', '1500800', 4154, 10, '2026-01-27 01:53:51', '2026-02-11 09:07:53'),
  (11, 11, 12, 'Anapu', 'PA', '1500859', 4723, 11, '2026-01-27 01:53:51', '2026-02-11 09:07:53'),
  (12, 12, 4, 'Augusto Corrêa', 'PA', '1500909', 4170, 12, '2026-01-27 01:53:51', '2026-02-11 09:07:53'),
  (13, 13, 6, 'Aurora do Pará', 'PA', '1500958', 4340, 13, '2026-01-27 01:53:51', '2026-02-11 09:07:53'),
  (14, 14, 11, 'Aveiro', 'PA', '1501006', 4197, 14, '2026-01-27 01:53:51', '2026-02-11 09:07:53'),
  (15, 15, 1, 'Bagre', 'PA', '1501105', 4219, 15, '2026-01-27 01:53:51', '2026-02-11 09:07:53'),
  (16, 16, 5, 'Baião', 'PA', '1501204', 4235, 16, '2026-01-27 01:53:51', '2026-02-11 09:07:53'),
  (17, 17, 8, 'Bannach', 'PA', '1501253', 4588, 17, '2026-01-27 01:53:51', '2026-02-11 09:07:53'),
  (18, 18, 5, 'Barcarena', 'PA', '1501303', 4251, 18, '2026-01-27 01:53:51', '2026-02-11 09:07:53'),
  (19, 19, 2, 'Belém', 'PA', '1501402', 4278, 19, '2026-01-27 01:53:51', '2026-02-11 09:07:53'),
  (20, 20, 10, 'Belterra', 'PA', '1501451', 4804, 20, '2026-01-27 01:53:51', '2026-02-11 09:07:53'),
  (21, 21, 2, 'Benevides', 'PA', '1501501', 4294, 21, '2026-01-27 01:53:51', '2026-02-11 09:07:53'),
  (22, 22, 9, 'Bom Jesus do Tocantins', 'PA', '1501576', 4049, 22, '2026-01-27 01:53:51', '2026-02-11 09:07:53'),
  (23, 23, 4, 'Bonito', 'PA', '1501600', 4316, 23, '2026-01-27 01:53:51', '2026-02-11 09:07:53'),
  (24, 24, 4, 'Bragança', 'PA', '1501709', 4332, 24, '2026-01-27 01:53:51', '2026-02-11 09:07:53'),
  (25, 25, 12, 'Brasil Novo', 'PA', '1501725', 4227, 25, '2026-01-27 01:53:51', '2026-02-11 09:07:53'),
  (26, 26, 9, 'Brejo Grande do Araguaia', 'PA', '1501758', 5932, 26, '2026-01-27 01:53:51', '2026-02-11 09:07:53'),
  (27, 27, 7, 'Breu Branco', 'PA', '1501782', 4448, 27, '2026-01-27 01:53:51', '2026-02-11 09:07:53'),
  (28, 28, 1, 'Breves', 'PA', '1501808', 4359, 28, '2026-01-27 01:53:51', '2026-02-11 09:07:53'),
  (29, 29, 6, 'Bujaru', 'PA', '1501907', 4375, 29, '2026-01-27 01:53:51', '2026-02-11 09:07:53'),
  (30, 30, 1, 'Cachoeira do Arari', 'PA', '1502004', 4391, 30, '2026-01-27 01:53:51', '2026-02-11 09:07:53'),
  (31, 31, 4, 'Cachoeira do Piria', 'PA', '1501956', 4766, 31, '2026-01-27 01:53:51', '2026-02-11 09:07:53'),
  (32, 32, 5, 'Cametá', 'PA', '1502103', 4413, 32, '2026-01-27 01:53:51', '2026-02-11 09:07:53'),
  (33, 33, 9, 'Canaã dos Carajás', 'PA', '1502152', 4707, 33, '2026-01-27 01:53:51', '2026-02-11 09:07:53'),
  (34, 34, 4, 'Capanema', 'PA', '1502202', 4430, 34, '2026-01-27 01:53:51', '2026-02-11 09:07:53'),
  (35, 35, 6, 'Capitão Poço', 'PA', '1502301', 4456, 35, '2026-01-27 01:53:51', '2026-02-11 09:07:53'),
  (36, 36, 3, 'Castanhal', 'PA', '1502400', 4472, 36, '2026-01-27 01:53:51', '2026-02-11 09:07:53'),
  (37, 37, 1, 'Chaves', 'PA', '1502509', 4499, 37, '2026-01-27 01:53:51', '2026-02-11 09:07:53'),
  (38, 38, 3, 'Colares', 'PA', '1502608', 4510, 38, '2026-01-27 01:53:51', '2026-02-11 09:07:53'),
  (39, 39, 8, 'Conceição do Araguaia', 'PA', '1502707', 4537, 39, '2026-01-27 01:53:51', '2026-02-11 09:07:53'),
  (40, 40, 6, 'Concórdia do Pará', 'PA', '1502756', 5819, 40, '2026-01-27 01:53:51', '2026-02-11 09:07:53'),
  (41, 41, 8, 'Cumaru do Norte', 'PA', '1502764', 4529, 41, '2026-01-27 01:53:51', '2026-02-11 09:07:53'),
  (42, 42, 9, 'Curionópolis', 'PA', '1502772', 5851, 42, '2026-01-27 01:53:51', '2026-02-11 09:07:53'),
  (43, 43, 1, 'Curralinho', 'PA', '1502806', 4553, 43, '2026-01-27 01:53:51', '2026-02-11 09:07:53'),
  (44, 44, 3, 'Curuçá', 'PA', '1502905', 4570, 44, '2026-01-27 01:53:51', '2026-02-11 09:07:53'),
  (45, 45, 10, 'Curuá', 'PA', '1502855', 4740, 45, '2026-01-27 01:53:51', '2026-02-11 09:07:53'),
  (46, 46, 6, 'Dom Eliseu', 'PA', '1502939', 5975, 46, '2026-01-27 01:53:51', '2026-02-11 09:07:53'),
  (47, 47, 9, 'Eldorado do Carajás', 'PA', '1502954', 4120, 47, '2026-01-27 01:53:51', '2026-02-11 09:07:53'),
  (48, 48, 10, 'Faro', 'PA', '1503002', 4596, 48, '2026-01-27 01:53:51', '2026-02-11 09:07:53'),
  (49, 49, 8, 'Floresta do Araguaia', 'PA', '1503044', 4561, 49, '2026-01-27 01:53:51', '2026-02-11 09:07:53'),
  (50, 50, 6, 'Garrafão do Norte', 'PA', '1503077', 5878, 50, '2026-01-27 01:53:51', '2026-02-11 09:07:53'),
  (51, 51, 7, 'Goianésia do Pará', 'PA', '1503093', 4006, 51, '2026-01-27 01:53:51', '2026-02-11 09:07:53'),
  (52, 52, 1, 'Gurupá', 'PA', '1503101', 4618, 52, '2026-01-27 01:53:51', '2026-02-11 09:07:53'),
  (53, 53, 3, 'Igarapé-Açu', 'PA', '1503200', 4634, 53, '2026-01-27 01:53:51', '2026-02-11 09:07:53'),
  (54, 54, 5, 'Igarapé-Miri', 'PA', '1503309', 4650, 54, '2026-01-27 01:53:51', '2026-02-11 09:07:53'),
  (55, 55, 3, 'Inhangapi', 'PA', '1503408', 4677, 55, '2026-01-27 01:53:51', '2026-02-11 09:07:53'),
  (56, 56, 6, 'Ipixuna do Pará', 'PA', '1503457', 4189, 56, '2026-01-27 01:53:51', '2026-02-11 09:07:53'),
  (57, 57, 6, 'Irituia', 'PA', '1503507', 4693, 57, '2026-01-27 01:53:51', '2026-02-11 09:07:53'),
  (58, 58, 11, 'Itaituba', 'PA', '1503606', 4715, 58, '2026-01-27 01:53:51', '2026-02-11 09:07:53'),
  (59, 59, 7, 'Itupiranga', 'PA', '1503705', 4731, 59, '2026-01-27 01:53:51', '2026-02-11 09:07:53'),
  (60, 60, 11, 'Jacareacanga', 'PA', '1503754', 4200, 60, '2026-01-27 01:53:51', '2026-02-11 09:07:53'),
  (61, 61, 7, 'Jacundá', 'PA', '1503804', 4758, 61, '2026-01-27 01:53:51', '2026-02-11 09:07:53'),
  (62, 62, 10, 'Juruti', 'PA', '1503903', 4774, 62, '2026-01-27 01:53:51', '2026-02-11 09:07:53'),
  (63, 63, 5, 'Limoeiro do Ajuru', 'PA', '1504000', 4790, 63, '2026-01-27 01:53:51', '2026-02-11 09:07:53'),
  (64, 64, 6, 'Mãe do Rio', 'PA', '1504059', 4103, 64, '2026-01-27 01:53:51', '2026-02-11 09:07:53'),
  (65, 65, 3, 'Magalhães Barata', 'PA', '1504109', 4812, 65, '2026-01-27 01:53:51', '2026-02-11 09:07:53'),
  (66, 66, 9, 'Marabá', 'PA', '1504208', 4839, 66, '2026-01-27 01:53:51', '2026-02-11 09:07:53'),
  (67, 67, 3, 'Maracanã', 'PA', '1504307', 4855, 67, '2026-01-27 01:53:51', '2026-02-11 09:07:53'),
  (68, 68, 3, 'Marapanim', 'PA', '1504406', 4871, 68, '2026-01-27 01:53:51', '2026-02-11 09:07:53'),
  (69, 69, 2, 'Marituba', 'PA', '1504422', 4642, 69, '2026-01-27 01:53:51', '2026-02-11 09:07:53'),
  (70, 70, 12, 'Medicilândia', 'PA', '1504455', 5770, 70, '2026-01-27 01:53:51', '2026-02-11 09:07:53'),
  (71, 71, 1, 'Melgaço', 'PA', '1504505', 4898, 71, '2026-01-27 01:53:51', '2026-02-11 09:07:53'),
  (72, 72, 5, 'Mocajuba', 'PA', '1504604', 4910, 72, '2026-01-27 01:53:51', '2026-02-11 09:07:53'),
  (73, 73, 5, 'Moju', 'PA', '1504703', 4936, 73, '2026-01-27 01:53:51', '2026-02-11 09:07:53'),
  (74, 74, 10, 'Monte Alegre', 'PA', '1504802', 4952, 74, '2026-01-27 01:53:51', '2026-02-11 09:07:53'),
  (75, 75, 1, 'Muaná', 'PA', '1504901', 4979, 75, '2026-01-27 01:53:51', '2026-02-11 09:07:53'),
  (76, 76, 6, 'Nova Esperança do Piriá', 'PA', '1504950', 4480, 76, '2026-01-27 01:53:51', '2026-02-11 09:07:53'),
  (77, 77, 7, 'Nova Ipixuna', 'PA', '1504976', 4600, 77, '2026-01-27 01:53:51', '2026-02-11 09:07:53'),
  (78, 78, 4, 'Nova Timboteua', 'PA', '1505007', 4995, 78, '2026-01-27 01:53:51', '2026-02-11 09:07:53'),
  (79, 79, 11, 'Novo Progresso', 'PA', '1505031', 4383, 79, '2026-01-27 01:53:51', '2026-02-11 09:07:53'),
  (80, 80, 7, 'Novo Repartimento', 'PA', '1505064', 4421, 80, '2026-01-27 01:53:51', '2026-02-11 09:07:53'),
  (81, 81, 10, 'Óbidos', 'PA', '1505106', 5010, 81, '2026-01-27 01:53:51', '2026-02-11 09:07:53'),
  (82, 82, 1, 'Oeiras do Pará', 'PA', '1505205', 5037, 82, '2026-01-27 01:53:51', '2026-02-11 09:07:53'),
  (83, 83, 10, 'Oriximiná', 'PA', '1505304', 5053, 83, '2026-01-27 01:53:51', '2026-02-11 09:07:53'),
  (84, 84, 6, 'Ourém', 'PA', '1505403', 5070, 84, '2026-01-27 01:53:51', '2026-02-11 09:07:53'),
  (85, 85, 8, 'Ourilândia do Norte', 'PA', '1505437', 5959, 85, '2026-01-27 01:53:51', '2026-02-11 09:07:53'),
  (86, 86, 12, 'Pacajá', 'PA', '1505486', 5916, 86, '2026-01-27 01:53:51', '2026-02-11 09:07:53'),
  (87, 87, 9, 'Palestina do Pará', 'PA', '1505494', 4162, 87, '2026-01-27 01:53:51', '2026-02-11 09:07:53'),
  (88, 88, 6, 'Paragominas', 'PA', '1505502', 5096, 88, '2026-01-27 01:53:51', '2026-02-11 09:07:53'),
  (89, 89, 9, 'Parauapebas', 'PA', '1505536', 5835, 89, '2026-01-27 01:53:51', '2026-02-11 09:07:53'),
  (90, 90, 8, 'Pau D\'Arco', 'PA', '1505551', 4308, 90, '2026-01-27 01:53:51', '2026-02-11 09:07:53'),
  (91, 91, 4, 'Peixe-Boi', 'PA', '1505601', 5118, 91, '2026-01-27 01:53:51', '2026-02-11 09:07:53'),
  (92, 92, 9, 'Piçarra', 'PA', '1505635', 4782, 92, '2026-01-27 01:53:51', '2026-02-11 09:07:53'),
  (93, 93, 12, 'Placas', 'PA', '1505650', 4626, 93, '2026-01-27 01:53:51', '2026-02-11 09:07:53'),
  (94, 94, 1, 'Ponta de Pedras', 'PA', '1505700', 5134, 94, '2026-01-27 01:53:51', '2026-02-11 09:07:53'),
  (95, 95, 1, 'Portel', 'PA', '1505809', 5150, 95, '2026-01-27 01:53:51', '2026-02-11 09:07:53'),
  (96, 96, 12, 'Porto de Moz', 'PA', '1505908', 5177, 96, '2026-01-27 01:53:51', '2026-02-11 09:07:53'),
  (97, 97, 10, 'Prainha', 'PA', '1506005', 5193, 97, '2026-01-27 01:53:51', '2026-02-11 09:07:53'),
  (98, 98, 4, 'Primavera', 'PA', '1506104', 5215, 98, '2026-01-27 01:53:51', '2026-02-11 09:07:53'),
  (99, 99, 4, 'Quatipuru', 'PA', '1506112', 4685, 99, '2026-01-27 01:53:51', '2026-02-11 09:07:53'),
  (100, 100, 8, 'Redenção', 'PA', '1506138', 5673, 100, '2026-01-27 01:53:51', '2026-02-11 09:07:53'),
  (101, 101, 8, 'Rio Maria', 'PA', '1506161', 5690, 101, '2026-01-27 01:53:51', '2026-02-11 09:07:53'),
  (102, 102, 6, 'Rondon do Pará', 'PA', '1506187', 5738, 102, '2026-01-27 01:53:51', '2026-02-11 09:07:53'),
  (103, 103, 11, 'Rurópolis', 'PA', '1506195', 5894, 103, '2026-01-27 01:53:51', '2026-02-11 09:07:53'),
  (104, 104, 4, 'Salinópolis', 'PA', '1506203', 5231, 104, '2026-01-27 01:53:51', '2026-02-11 09:07:53'),
  (105, 105, 1, 'Salvaterra', 'PA', '1506302', 5258, 105, '2026-01-27 01:53:51', '2026-02-11 09:07:53'),
  (106, 106, 2, 'Santa Bárbara do Pará', 'PA', '1506351', 4243, 106, '2026-01-27 01:53:51', '2026-02-11 09:07:53'),
  (107, 107, 1, 'Santa Cruz do Arari', 'PA', '1506401', 5274, 107, '2026-01-27 01:53:51', '2026-02-11 09:07:53'),
  (108, 108, 3, 'Santa Izabel do Pará', 'PA', '1506500', 5290, 108, '2026-01-27 01:53:51', '2026-02-11 09:07:53'),
  (109, 109, 4, 'Santa Luzia do Pará', 'PA', '1506559', 4146, 109, '2026-01-27 01:53:51', '2026-02-11 09:07:53'),
  (110, 110, 8, 'Santa Maria das Barreiras', 'PA', '1506583', 5991, 110, '2026-01-27 01:53:51', '2026-02-11 09:07:53'),
  (111, 111, 3, 'Santa Maria do Pará', 'PA', '1506609', 5312, 111, '2026-01-27 01:53:51', '2026-02-11 09:07:53'),
  (112, 112, 8, 'Santana do Araguaia', 'PA', '1506708', 5339, 112, '2026-01-27 01:53:51', '2026-02-11 09:07:53'),
  (113, 113, 10, 'Santarém', 'PA', '1506807', 5355, 113, '2026-01-27 01:53:51', '2026-02-11 09:07:53'),
  (114, 114, 4, 'Santarém Novo', 'PA', '1506906', 5371, 114, '2026-01-27 01:53:51', '2026-02-11 09:07:53'),
  (115, 115, 3, 'Santo Antônio do Tauá', 'PA', '1507003', 5398, 115, '2026-01-27 01:53:51', '2026-02-11 09:07:53'),
  (116, 116, 3, 'São Caetano de Odivelas', 'PA', '1507102', 5410, 116, '2026-01-27 01:53:51', '2026-02-11 09:07:53'),
  (117, 117, 9, 'São Domingos do Araguaia', 'PA', '1507151', 4464, 117, '2026-01-27 01:53:51', '2026-02-11 09:07:53'),
  (118, 118, 3, 'São Domingos do Capim', 'PA', '1507201', 5436, 118, '2026-01-27 01:53:51', '2026-02-11 09:07:53'),
  (119, 119, 8, 'São Félix do Xingu', 'PA', '1507300', 5452, 119, '2026-01-27 01:53:51', '2026-02-11 09:07:53'),
  (120, 120, 3, 'São Francisco do Pará', 'PA', '1507409', 5479, 120, '2026-01-27 01:53:51', '2026-02-11 09:07:53'),
  (121, 121, 9, 'São Geraldo do Araguaia', 'PA', '1507458', 5797, 121, '2026-01-27 01:53:51', '2026-02-11 09:07:53'),
  (122, 122, 3, 'São João da Ponta', 'PA', '1507466', 4820, 122, '2026-01-27 01:53:51', '2026-02-11 09:07:53'),
  (123, 123, 4, 'São João de Pirabas', 'PA', '1507474', 4065, 123, '2026-01-27 01:53:51', '2026-02-11 09:07:53'),
  (124, 124, 9, 'São João do Araguaia', 'PA', '1507508', 5495, 124, '2026-01-27 01:53:51', '2026-02-11 09:07:53'),
  (125, 125, 3, 'São Miguel do Guamá', 'PA', '1507607', 5517, 125, '2026-01-27 01:53:51', '2026-02-11 09:07:53'),
  (126, 126, 1, 'São Sebastião da Boa Vista', 'PA', '1507706', 5533, 126, '2026-01-27 01:53:51', '2026-02-11 09:07:53'),
  (127, 127, 12, 'Senador José Porfírio', 'PA', '1507805', 5550, 127, '2026-01-27 01:53:51', '2026-02-11 09:07:53'),
  (128, 128, 1, 'Soure', 'PA', '1507904', 5576, 128, '2026-01-27 01:53:51', '2026-02-11 09:07:53'),
  (129, 129, 5, 'Tailândia', 'PA', '1507953', 4022, 129, '2026-01-27 01:53:51', '2026-02-11 09:07:53'),
  (130, 130, 3, 'Terra Alta', 'PA', '1507961', 4545, 130, '2026-01-27 01:53:51', '2026-02-11 09:07:53'),
  (131, 131, 10, 'Terra Santa', 'PA', '1507979', 4367, 131, '2026-01-27 01:53:51', '2026-02-11 09:07:53'),
  (132, 132, 6, 'Tomé-Açu', 'PA', '1508001', 5592, 132, '2026-01-27 01:53:51', '2026-02-11 09:07:53'),
  (133, 133, 4, 'Tracuateua', 'PA', '1508035', 4669, 133, '2026-01-27 01:53:51', '2026-02-11 09:07:53'),
  (134, 134, 11, 'Trairão', 'PA', '1508050', 4286, 134, '2026-01-27 01:53:51', '2026-02-11 09:07:53'),
  (135, 135, 8, 'Tucumã', 'PA', '1508084', 4081, 135, '2026-01-27 01:53:51', '2026-02-11 09:07:53'),
  (136, 136, 7, 'Tucuruí', 'PA', '1508100', 5614, 136, '2026-01-27 01:53:51', '2026-02-11 09:07:53'),
  (137, 137, 6, 'Ulianópolis', 'PA', '1508126', 4324, 137, '2026-01-27 01:53:51', '2026-02-11 09:07:53'),
  (138, 138, 12, 'Uruará', 'PA', '1508159', 5754, 138, '2026-01-27 01:53:51', '2026-02-11 09:07:53'),
  (139, 139, 3, 'Vigia', 'PA', '1508209', 5630, 139, '2026-01-27 01:53:51', '2026-02-11 09:07:53'),
  (140, 140, 12, 'Vitória do Xingu', 'PA', '1508357', 4405, 140, '2026-01-27 01:53:51', '2026-02-11 09:07:53'),
  (141, 141, 4, 'Viseu', 'PA', '1508308', 5657, 141, '2026-01-27 01:53:51', '2026-02-11 09:07:53'),
  (142, 142, 8, 'Xinguara', 'PA', '1508407', 5711, 142, '2026-01-27 01:53:51', '2026-02-11 09:07:53'),
  (143, 143, 8, 'Sapucaia', 'PA', '1507755', 4847, 143, '2026-01-27 01:53:51', '2026-02-11 09:07:53'),
  (144, 144, 10, 'Mojuí dos Campos', 'PA', '1504752', 4863, 144, '2026-01-27 01:53:51', '2026-02-11 09:07:53');


INSERT INTO `partido` (`id`, `legacy_id`, `numero`, `sigla`, `nome`, `created_at`, `updated_at`) VALUES
  (1, 1, 15, 'MDB', 'MOVIMENTO DEMOCRÁTICO BRASILEIRO', '2026-02-09 11:38:19', NULL),
  (2, 2, 45, 'PSDB', 'PARTIDO DA SOCIAL DEMOCRACIA BRASILEIRA', '2026-02-09 11:38:19', NULL),
  (3, 3, 20, 'PSC', 'PARTIDO SOCIAL CRISTÃO', '2026-02-09 11:38:19', NULL),
  (4, 4, 55, 'PSD', 'PARTIDO SOCIAL DEMOCRÁTICO', '2026-02-09 11:38:19', NULL),
  (5, 5, 40, 'PSB', 'PARTIDO SOCIALISTA BRASILEIRO', '2026-02-09 11:38:19', NULL),
  (6, 6, 22, 'PL', 'PARTIDO LIBERAL', '2026-02-09 11:38:19', NULL),
  (7, 7, 50, 'PSOL', 'PARTIDO SOCIALISMO E LIBERDADE', '2026-02-09 11:38:19', NULL),
  (8, 8, 19, 'PODE', 'PODEMOS', '2026-02-09 11:38:19', NULL),
  (9, 9, 14, 'PTB', 'PARTIDO TRABALHISTA BRASILEIRO', '2026-02-09 11:38:19', NULL),
  (10, 10, 10, 'REPUBLICAN', 'REPUBLICANOS', '2026-02-09 11:38:19', NULL),
  (11, 11, 13, 'PT', 'PARTIDO DOS TRABALHADORES', '2026-02-09 11:38:19', NULL),
  (12, 12, 25, 'DEM', 'PARTIDO RENOVAÇÃO DEMOCRÁTICA', '2026-02-09 11:38:19', '2026-02-09 11:38:19'),
  (13, 13, 77, 'SOLIDARIED', 'SOLIDARIEDADE', '2026-02-09 11:38:19', NULL),
  (14, 14, 11, 'PP', 'PROGRESSISTAS', '2026-02-09 11:38:19', NULL),
  (15, 15, 33, 'PMN', 'PARTIDO DA MOBILIZAÇÃO NACIONAL', '2026-02-09 11:38:19', NULL),
  (16, 16, 28, 'PRTB', 'PARTIDO RENOVADOR TRABALHISTA BRASILEIRO', '2026-02-09 11:38:19', NULL),
  (17, 17, 12, 'PDT', 'PARTIDO DEMOCRÁTICO TRABALHISTA', '2026-02-09 11:38:19', NULL),
  (18, 18, 70, 'AVANTE', 'AVANTE', '2026-02-09 11:38:19', NULL),
  (19, 19, 44, 'UNIÃO', 'UNIÃO BRASIL', '2026-02-09 11:38:19', NULL),
  (20, 20, 43, 'PV', 'PARTIDO VERDE', '2026-02-09 11:38:19', NULL);


INSERT INTO `prefeito` (`id`, `legacy_id`, `nome_completo`, `nome_urna`, `dt_nascimento`, `created_at`, `updated_at`) VALUES
  (1, 1, 'FRANCISCO DAVID LEITE ROCHA', 'PR DAVI', '1968-05-15', '2026-02-09 11:38:19', NULL),
  (2, 2, 'FRANCINETI MARIA RODRIGUES CARVALHO', 'FRANCINETI CARVALHO', '1969-07-29', '2026-02-09 11:38:19', NULL),
  (3, 3, 'PAULO LIBERTE JASPER', 'MACARRÃO', '1951-05-18', '2026-02-09 11:38:19', NULL),
  (4, 4, 'PEDRO PAULO GOUVEA MORAES', 'PEDRINHO DA BALSA', '1975-04-11', '2026-02-09 11:38:19', NULL),
  (5, 5, 'JOÃO DA CUNHA ROCHA', 'JOÃOZINHO ROCHA', '1972-04-25', '2026-02-09 11:38:19', NULL),
  (6, 6, 'ODIMAR WANDERLEY SALOMAO', 'MAZINHO SALOMAO', '1966-01-28', '2026-02-09 11:38:19', NULL),
  (7, 7, 'KAMILY MARIA FERREIRA ARAUJO', 'KAMILY ARAUJO', '1992-11-21', '2026-02-09 11:38:19', NULL),
  (8, 8, 'HEVERTON DOS SANTOS SILVA', 'TOM SILVA', '1985-07-24', '2026-02-09 11:38:19', '2026-02-09 11:38:19'),
  (9, 9, 'CELSO LOPES CARDOSO', 'DR CELSO', '1964-09-01', '2026-02-09 11:38:19', NULL),
  (10, 10, 'MARIA LUCIDALVA BEZERRA DE CARVALHO', 'LÚCIA DO LIDER', '1970-03-02', '2026-02-09 11:38:19', '2026-02-09 11:38:19'),
  (11, 11, 'JOSE VILLEIGAGNON RABELO OLIVEIRA', 'DOIDO RABELO', '1962-09-06', '2026-02-09 11:38:19', NULL),
  (12, 12, 'CLAUDOMIRO GOMES DA SILVA', 'CLAUDOMIRO GOMES', '1968-05-02', '2026-02-09 11:38:19', NULL),
  (13, 13, 'IARA BRAGA MIRANDA', 'IARA BRAGA', '1980-12-01', '2026-02-09 11:38:19', NULL),
  (14, 14, 'VIVALDO MENDES DA CONCEIÇÃO', 'BORÓ', '1959-03-28', '2026-02-09 11:38:19', NULL),
  (15, 15, 'ADAMOR AIRES DE OLIVEIRA', 'ADAMOR AIRES', '1966-10-12', '2026-02-09 11:38:19', NULL),
  (16, 16, 'DANIEL BARBOSA SANTOS', 'DR DANIEL', '1986-08-25', '2026-02-09 11:38:19', NULL),
  (17, 17, 'CLAUDIO ROBERTINO ALVES DOS SANTOS', 'CLAUDIO DA TETE', '1975-05-08', '2026-02-09 11:38:19', NULL),
  (18, 18, 'FRANCISCO EDINALDO QUEIROZ DE OLIVEIRA', 'ESTRELA NOGUEIRA', '1973-02-14', '2026-02-09 11:38:19', '2026-02-09 11:38:19'),
  (19, 19, 'ARTEMES SILVA DE OLIVEIRA', 'ARTEMES OLIVEIRA', '1979-03-13', '2026-02-09 11:38:19', NULL),
  (20, 20, 'VILSON GONÇALVES', 'VILSON GONÇALVES', '1968-04-03', '2026-02-09 11:38:19', NULL),
  (21, 21, 'SEBASTIÃO AURIVALDO PEREIRA SILVA', 'VALDO DO POSTO', '1970-12-22', '2026-02-09 11:38:19', NULL),
  (22, 22, 'CLEBERSON FARIAS LOBATO RODRIGUES', 'CLEBINHO', '1979-12-22', '2026-02-09 11:38:19', NULL),
  (23, 23, 'WEDER MAKES CARNEIRO', 'PIRICA', '1980-03-01', '2026-02-09 11:38:19', NULL),
  (24, 24, 'LOURIVAL MENEZES FILHO', 'DR LOCA', '1971-11-23', '2026-02-09 11:38:19', NULL),
  (25, 25, 'MARCUS LEÃO COLARES', 'MARCÃO', '1968-02-27', '2026-02-09 11:38:19', '2026-02-09 11:38:19'),
  (26, 26, 'JOSÉ RENATO OGAWA RODRIGUES', 'RENATO OGAWA', '1970-07-20', '2026-02-09 11:38:19', NULL),
  (27, 27, 'ISVANDIRES MARTINS RIBEIRO', 'VANDIN', '1970-08-02', '2026-02-09 11:38:19', NULL),
  (28, 28, 'EDMILSON BRITO RODRIGUES', 'EDMILSON RODRIGUES', '1957-05-26', '2026-02-09 11:38:19', NULL),
  (29, 29, 'VALDINEI JOSE FERREIRA', 'DJANGO', '1970-08-10', '2026-02-09 11:38:19', NULL),
  (30, 30, 'LUZIANE DE LIMA SOLON OLIVEIRA', 'LUZIANE SOLON', '1980-05-03', '2026-02-09 11:38:19', NULL),
  (31, 31, 'FREDSON PEREIRA DA SILVA', 'FREDSON', '1978-08-06', '2026-02-09 11:38:19', NULL),
  (32, 32, 'MICHEL ASSAD', 'MICHEL ASSAD', '1977-09-15', '2026-02-09 11:38:19', NULL),
  (33, 33, 'KELLY CRISTINA DESTRO', 'KELLY DESTRO', '1972-03-11', '2026-02-09 11:38:19', NULL),
  (34, 34, 'RAIMUNDO NONATO DE OLIVEIRA', 'RAIMUNDÃO', '1946-09-05', '2026-02-09 11:38:19', NULL),
  (35, 35, 'VANESSA GUSMÃO MIRANDA', 'VANESSA GUSMÃO', '1989-06-18', '2026-02-09 11:38:19', NULL),
  (36, 36, 'JOSÉ ANTÔNIO AZEVEDO LEÃO', 'XARÃO LEÃO', '1963-10-02', '2026-02-09 11:38:19', '2026-02-09 11:38:19'),
  (37, 37, 'ODAIR JOSÉ FARIAS ALBUQUERQUE', 'DOCA ALBUQUERQUE', '1973-05-10', '2026-02-09 11:38:19', NULL),
  (38, 38, 'MIGUEL BERNARDO DA COSTA JUNIOR', 'MIGUEL JÚNIOR', '1979-04-25', '2026-02-09 11:38:19', '2026-02-09 11:38:19'),
  (39, 39, 'GELSON LUIZ DILL', 'GELSON DILL', '1972-06-04', '2026-02-09 11:38:19', NULL),
  (40, 40, 'ANTÔNIO AUGUSTO FIGUEIREDO ATHAR', 'BAMBUETA', '1961-06-25', '2026-02-09 11:38:19', NULL),
  (41, 41, 'MÁRCIO VIANA ROCHA', 'MÁRCIO VIANA', '1985-08-30', '2026-02-09 11:38:19', '2026-02-09 11:38:19'),
  (42, 42, 'VICTOR CORREA CASSIANO', 'VICTOR CASSIANO', '1992-05-15', '2026-02-09 11:38:19', NULL),
  (43, 43, 'VALDIR LEMES MACHADO', 'VALDIR LEMES', '1956-01-16', '2026-02-09 11:38:19', NULL),
  (44, 44, 'FRANCISCO FERREIRA FREITAS NETO', 'CHICO NETO', '1956-05-08', '2026-02-09 11:38:19', NULL),
  (45, 45, 'FLAVIO MARCOS MEZZOMO', 'FLAVIO MEZZOMO', '1986-09-02', '2026-02-09 11:38:19', NULL),
  (46, 46, 'JOÃO GOMES DE LIMA', 'JOÃO TONHEIRO', '1970-05-31', '2026-02-09 11:38:19', NULL),
  (47, 47, 'ELIZANE SOARES DA SILVA', 'ELIZANE SOARES', '1978-06-30', '2026-02-09 11:38:19', '2026-02-09 11:38:19'),
  (48, 48, 'PAULO SERGIO RODRIGUES TITAN', 'TITAN', '1943-09-15', '2026-02-09 11:38:19', NULL),
  (49, 49, 'ALCINEIA DO SOCORRO CARMO DOS SANTOS', 'ALCINEIA FERRO', '1977-09-08', '2026-02-09 11:38:19', NULL),
  (50, 50, 'JOSÉ RIBAMAR SOUSA DA SILVA', 'PASTOR ZEQUINHA', '1972-11-09', '2026-02-09 11:38:19', '2026-02-09 11:38:19'),
  (51, 51, 'ANTÔNIO DOS SANTOS CALHAU', 'ANTÔNIO CALHAU', '1980-10-25', '2026-02-09 11:38:19', NULL),
  (52, 52, 'MARIA LUCIMAR BARATA', 'MARIA LUCIMAR', '1949-10-12', '2026-02-09 11:38:19', NULL),
  (53, 53, 'CELIO MARCOS CORDEIRO', 'NEGO', '1983-01-10', '2026-02-09 11:38:19', NULL),
  (54, 54, 'JAIR LOPES MARTINS', 'JAIR MARTINS', '1975-06-06', '2026-02-09 11:38:19', NULL),
  (55, 55, 'ELINALDO MATOS DA SILVA', 'NALDO MATOS', '1974-08-15', '2026-02-09 11:38:19', NULL),
  (56, 56, 'CLEBER EDSON DOS SANTOS RODRIGUES', 'CLEBER EDSON', '1953-10-17', '2026-02-09 11:38:19', NULL),
  (57, 57, 'MAJORRI CERQUEIRA DA SILVA AQUINO SANTIAGO', 'MAJORRI SANTIAGO', '1987-12-10', '2026-02-09 11:38:19', NULL),
  (58, 58, 'JEFFERSON FERREIRA DE MIRANDA', 'TARRAFA', '1978-05-31', '2026-02-09 11:38:19', NULL),
  (59, 59, 'LUCINEIA ALVES DA SILVA', 'LUCINEIA ALVES', '1983-03-10', '2026-02-09 11:38:19', NULL),
  (60, 60, 'PAULO VITOR MILEO GUERRA CARVALHO', 'PAULO CARVALHO', '1985-12-30', '2026-02-09 11:38:19', NULL),
  (61, 61, 'MARIA DA GRAÇA MEDEIROS MATOS', 'DRA GRAÇA', '1974-07-18', '2026-02-09 11:38:19', NULL),
  (62, 62, 'JOÃO DA CRUZ TEIXEIRA DE SOUZA', 'JOÃOZINHO BATISTA', '1981-09-14', '2026-02-09 11:38:19', NULL),
  (63, 63, 'LEILA RAQUEL POSSIMOSER', 'RAQUEL', '1978-02-03', '2026-02-09 11:38:19', NULL),
  (64, 64, 'NORMANDO MENEZES DE SOUZA', 'NORMANDO RIACHÃO', '1976-02-21', '2026-02-09 11:38:19', NULL),
  (65, 65, 'PATRICIA RONIELLY RAMOS ALENCAR MENDES', 'PATRICIA', '1987-07-27', '2026-02-09 11:38:19', NULL),
  (66, 66, 'ROBERTO PINA OLIVEIRA', 'PINA', '1959-06-07', '2026-02-09 11:38:19', NULL),
  (67, 67, 'JOSE BRAULIO DA COSTA', 'ZEZINHO COSTA', '1953-06-26', '2026-02-09 11:38:19', '2026-02-09 11:38:19'),
  (68, 68, 'EGILASIO ALVES FEITOSA', 'EGILASIO FEITOSA', '1970-05-09', '2026-02-09 11:38:19', NULL),
  (69, 69, 'JOSE AUGUSTO DIAS DA SILVA', 'ZE AUGUSTO', '1974-03-10', '2026-02-09 11:38:19', '2026-02-09 11:38:19'),
  (70, 70, 'MARCOS DE LIMA PINTO', 'MARCOS TONHEIRO', '1989-08-23', '2026-02-09 11:38:19', NULL),
  (71, 71, 'JOSEMIRA RAIMUNDA DINIZ GADELHA', 'JOSEMIRA', '1970-07-29', '2026-02-09 11:38:19', NULL),
  (72, 72, 'VALMIR CLIMACO DE AGUIAR', 'VALMIR CLIMACO', '1960-11-13', '2026-02-09 11:38:19', NULL),
  (73, 73, 'AELTON FONSECA SILVA', 'AELTON FONSECA', '1981-05-30', '2026-02-09 11:38:19', NULL),
  (74, 74, 'BENJAMIN TASCA', 'BENJAMIN TASCA', '1951-01-08', '2026-02-09 11:38:19', NULL),
  (75, 75, 'GIVANILDO PICANÇO MARINHO', 'GICA', '1976-07-23', '2026-02-09 11:38:19', NULL),
  (76, 76, 'ITONIR APARECIDO TAVARES', 'ITONIR TAVARES', '1971-04-26', '2026-02-09 11:38:19', NULL),
  (77, 77, 'RAIMUNDO NONATO ALENCAR MACHADO', 'MUNDÔ', '1952-02-19', '2026-02-09 11:38:19', NULL),
  (78, 78, 'LUCIDIA BENITAH DE ABREU BATISTA', 'DONA LUCIDIA', '1953-07-31', '2026-02-09 11:38:19', NULL),
  (79, 79, 'LAANE BARROS LUCENA', 'LAANE BARROS', '1983-02-08', '2026-02-09 11:38:19', NULL),
  (80, 80, 'ALCIDES ABREU BARRA', 'ALCIDES BARRA', '1958-05-31', '2026-02-09 11:38:19', '2026-02-09 11:38:19'),
  (81, 81, 'JOCICLELIO CASTRO MACEDO', 'DR MACEDO', '1975-06-02', '2026-02-09 11:38:19', NULL),
  (82, 82, 'MARLENE DA SILVA BORGES', 'PROFESSORA MARLENE BORGE', '1960-03-02', '2026-02-09 11:38:19', NULL),
  (83, 83, 'FLORIANO DE JESUS COELHO', 'PASTOR FLORIANO', '1961-10-17', '2026-02-09 11:38:19', NULL),
  (84, 84, 'SEBASTIÃO MIRANDA FILHO', 'TIÃO MIRANDA', '1957-04-02', '2026-02-09 11:38:19', NULL),
  (85, 85, 'WILTON MIRANDA DE LIMA', 'WILTON LIMA', '1986-09-28', '2026-02-09 11:38:19', NULL),
  (86, 86, 'REGINALDO DE ALCANTARA CARRERA', 'REGINALDO CARRERA', '1968-06-17', '2026-02-09 11:38:19', NULL),
  (87, 87, 'MARCO ANTONIO MACHADO LIMA', 'MARCO ANTÔNIO', '1978-11-18', '2026-02-09 11:38:19', NULL),
  (88, 88, 'CLEITON ANDERSON FERREIRA DIAS', 'ANDERSON DIAS', '1978-10-17', '2026-02-09 11:38:19', NULL),
  (89, 89, 'JOSE DELCICLEY PACHECO VIEGAS', 'TICA VIEGAS', '1987-02-07', '2026-02-09 11:38:19', NULL),
  (90, 90, 'COSME MACEDO PEREIRA', 'COSME MACEDO', '1962-12-27', '2026-02-09 11:38:19', NULL),
  (91, 91, 'MARIA NILMA SILVA DE LIMA', 'NILMA LIMA', '1966-01-05', '2026-02-09 11:38:19', NULL),
  (92, 92, 'MATHEUS ALMEIDA DOS SANTOS', 'MATHEUS ALMEIDA', '1949-05-03', '2026-02-09 11:38:19', NULL),
  (93, 93, 'JOSE ALFREDO SILVA HAGE JUNIOR', 'JUNIOR HAGE', '1973-07-05', '2026-02-09 11:38:19', '2026-02-09 11:38:19'),
  (94, 94, 'EDER AZEVEDO MAGALHÃES', 'BIRI MAGALHÃES', '1970-01-18', '2026-02-09 11:38:19', NULL),
  (95, 95, 'CLAUDIA DO SOCORRO PINHEIRO NETO', 'SOCORRINHA', '1968-02-16', '2026-02-09 11:38:19', NULL),
  (96, 96, 'JAIME BARBOSA DA SILVA', 'JAIME SILVA', '1961-06-18', '2026-02-09 11:38:19', NULL),
  (97, 97, 'GILMA DRAGO RIBEIRO', 'GILMA RIBEIRO', '1986-03-26', '2026-02-09 11:38:19', NULL),
  (98, 98, 'JOSÉ WILLIAN SIQUEIRA DA FONSECA', 'DELEGADO FONSECA', '1986-03-11', '2026-02-09 11:38:19', '2026-02-09 11:38:19'),
  (99, 99, 'FRANCISCO ROBERTO UCHOA CRUZ', 'ROBERTO UCHOA', '1974-10-30', '2026-02-09 11:38:19', NULL),
  (100, 100, 'JOAO LUCIDIO LOBATO PAES', 'DOUTOR LUCIDIO', '1955-01-07', '2026-02-09 11:38:19', NULL),
  (101, 101, 'JOAO PEREIRA DA SILVA NETO', 'NETO CAVALCANTE', '1998-12-04', '2026-02-09 11:38:19', '2026-02-09 11:38:19'),
  (102, 102, 'CONSUELO MARIA DA SILVA CASTRO', 'CONSUELO CASTRO', '1967-11-15', '2026-02-09 11:38:19', NULL),
  (103, 103, 'VICENTE DE PAULO FERREIRA OLIVEIRA', 'PAULO FERREIRA', '1974-04-19', '2026-02-09 11:38:19', NULL),
  (104, 104, 'ROSIBERGUE TORRES CAMPOS', 'BERG TRABALHO CAMPOS', '1979-02-01', '2026-02-09 11:38:19', NULL),
  (105, 105, 'DAVI XAVIER DE MORAES', 'DAVI XAVIER', '1972-12-12', '2026-02-09 11:38:19', NULL),
  (106, 106, 'AUREO BEZERRA GOMES', 'AURINHO GOMES', '1994-12-07', '2026-02-09 11:38:19', '2026-02-09 11:38:19'),
  (107, 107, 'CARLOS ALBERTO DE SENA FILHO', 'KAKA SENA', '1986-07-15', '2026-02-09 11:38:19', '2026-02-09 11:38:19'),
  (108, 108, 'CARLOS ALBERTO SANTOS GOMES', 'SEU CARLOS', '1959-02-07', '2026-02-09 11:38:19', NULL),
  (109, 109, 'NICOLAU EURIPEDES BELTRAO PAMPLONA', 'NICOLAU PAMPLONA', '1962-07-19', '2026-02-09 11:38:19', '2026-02-09 11:38:19'),
  (110, 110, 'EVANDRO BARROS WATANABE', 'EVANDRO WATANABE', '1971-11-04', '2026-02-09 11:38:19', NULL),
  (111, 111, 'ALCIR COSTA DA SILVA', 'ALCIR COSTA', '1972-05-24', '2026-02-09 11:38:19', NULL),
  (112, 112, 'EDUARDO ALVES CONTI', 'EDUARDO DA MACHADO', '1976-12-20', '2026-02-09 11:38:19', NULL),
  (113, 113, 'FRANCISCO NÉLIO AGUIAR DA SILVA', 'NÉLIO AGUIAR', '1968-11-06', '2026-02-09 11:38:19', NULL),
  (114, 114, 'THIAGO REIS PIMENTEL', 'THIAGO REIS PIMENTEL', '1979-08-18', '2026-02-09 11:38:19', '2026-02-09 11:38:19'),
  (115, 115, 'EVANDRO CORRÊA DA SILVA', 'EVANDRO TRABALHO', '1968-03-17', '2026-02-09 11:38:19', NULL),
  (116, 116, 'FELIPA RODRIGUES DOS SANTOS RENDEIRO', 'PROFESSORA LEILA', '1968-10-29', '2026-02-09 11:38:19', NULL),
  (117, 117, 'PAULO ELSON DA SILVA E SILVA', 'ELSINHO', '1975-03-24', '2026-02-09 11:38:19', NULL),
  (118, 118, 'JOÃO CLEBER DE SOUZA TORRES', 'JOÃO CLEBER', '1961-05-21', '2026-02-09 11:38:19', NULL),
  (119, 119, 'MARCOS CESAR BARBOSA E SILVA', 'PROFESSOR MARCOS', '1986-01-06', '2026-02-09 11:38:19', NULL),
  (120, 120, 'MARCELLANNE CRISTINA SOBRAL MARTINS', 'MARCELLANNE CRISTINA', '1988-07-08', '2026-02-09 11:38:19', NULL),
  (121, 121, 'EDUARDO SAMPAIO GOMES LEITE', 'EDUARDO PIO X', '1983-12-31', '2026-02-09 11:38:19', NULL),
  (122, 122, 'GETULIO BRABO DE SOUZA', 'GETULIO BRABO', '1950-06-10', '2026-02-09 11:38:19', '2026-02-09 11:38:19'),
  (123, 123, 'DIRCEU BIANCARDI', 'DIRCEU BIANCARDI', '1977-01-18', '2026-02-09 11:38:19', NULL),
  (124, 124, 'CARLOS AUGUSTO DE LIMA GOUVEA', 'GUTO GOUVEA', '1983-12-26', '2026-02-09 11:38:19', NULL),
  (125, 125, 'CARLOS ANTONIO VIEIRA', 'CARLOS DA VILA NOVA', '1961-01-02', '2026-02-09 11:38:19', NULL),
  (126, 126, 'ALEXANDRE FRANCA SIQUEIRA', 'ALEXANDRE SIQUEIRA', '1985-12-02', '2026-02-09 11:38:19', NULL),
  (127, 127, 'JOB XAVIER PALHETA JUNIOR', 'JOB JUNIOR', '1979-11-11', '2026-02-09 11:38:19', NULL),
  (128, 128, 'ISAÍAS JOSÉ SILVA OLIVEIRA NETO', 'NETO', '1976-10-30', '2026-02-09 11:38:19', NULL),
  (129, 129, 'CRISTIANO DUTRA VALE', 'CRISTIANO VALE', '1970-04-10', '2026-02-09 11:38:19', NULL),
  (130, 130, 'MARCELO FRANÇA BORGES', 'MARCELO BORGES', '1962-04-13', '2026-02-09 11:38:19', NULL),
  (131, 131, 'MARCIA FERREIRA LOPES', 'MARCIA FERREIRA', '1968-09-05', '2026-02-09 11:38:19', '2026-02-09 11:38:19'),
  (132, 132, 'MOACIR PIRES DE FARIA', 'DR. MOACIR', '1949-09-15', '2026-02-09 11:38:19', NULL),
  (133, 133, 'ADRIANA ANDRADE OLIVEIRA', 'ADRIANA ANDRADE', '1977-01-26', '2026-02-09 11:38:19', NULL),
  (134, 134, 'GILSON DE OLIVEIRA BRANDÃO', 'GILSINHO BRANDÃO', '1982-10-19', '2026-02-09 11:38:19', NULL),
  (135, 135, 'JULIO CESAR DO EGITO', 'DR JULIO', '1963-02-14', '2026-02-09 11:38:19', NULL),
  (136, 136, 'JEFFERSON DOUGLAS JESUS OLIVEIRA', 'JEFFERSON OLIVEIRA', '1988-06-13', '2026-02-09 11:38:19', '2026-02-09 11:38:19'),
  (137, 137, 'ELIAS GUIMARAES SANTIAGO', 'ELIAS SANTIAGO', '1967-07-29', '2026-02-09 11:38:19', NULL),
  (138, 138, 'DARCI JOSE LERMEN', 'DARCI LERMEN', '1965-04-19', '2026-02-09 11:38:19', NULL),
  (139, 139, 'MARIANA AZEVEDO DE SOUSA MARQUEZ', 'MARIANA CHAMON', '1985-10-01', '2026-02-09 11:38:19', NULL),
  (140, 140, 'MARIA EDILMA ALVES DE LIMA', 'EDILMA ALVES', '1966-01-16', '2026-02-09 11:38:19', NULL),
  (141, 141, 'JOSELINO PADILHA', 'TAKÁ', '1971-12-17', '2026-02-09 11:38:19', NULL),
  (142, 142, 'ANDRÉ RIOS DE REZENDE', 'ANDRÉ REZENDE', '1992-11-07', '2026-02-09 11:38:19', NULL),
  (143, 143, 'JESUALDO NUNES GOMES', 'JESUALDO', '1982-06-12', '2026-02-09 11:38:19', NULL),
  (144, 144, 'JULIO CESAR DAIREL', 'DR JULIO', '1984-05-15', '2026-02-09 11:38:19', '2026-02-09 11:38:19'),
  (145, 145, 'GERSILON SILVA DA GAMA', 'SILON', '1972-09-06', '2026-02-09 11:38:19', NULL),
  (146, 146, 'ADRIANO SALOMÃO COSTA DE CARVALHO FILHO', 'ADRIANO SALOMÃO', '1990-07-10', '2026-02-09 11:38:19', NULL),
  (147, 147, 'FRANCISCO EDUARDO OLIVEIRA SILVA', 'RUSSINHO', '1976-01-27', '2026-02-09 11:38:19', NULL),
  (148, 148, 'LAURO FERRAZ HOFFMANN', 'LAURO', '1989-07-27', '2026-02-09 11:38:19', NULL),
  (149, 149, 'JEILSON DOS REIS SANTOS', 'JEILSON REIS', '1977-10-12', '2026-02-09 11:38:19', NULL),
  (150, 150, 'HENRIQUE SANDRO LOPES DA CUNHA', 'SANDRO CUNHA', '1976-10-17', '2026-02-09 11:38:19', NULL),
  (151, 151, 'BRUNO ANDERSON DOS ANJOS RABELO', 'BRUNO RABELO', '1989-09-29', '2026-02-09 11:38:19', NULL),
  (152, 152, 'LOREDAN DE ANDRADE MELLO', 'DR.LOREDAN', '1972-02-17', '2026-02-09 11:38:19', NULL),
  (153, 153, 'WAGNE COSTA MACHADO', 'WAGNE MACHADO', '1983-02-14', '2026-02-09 11:38:19', NULL),
  (154, 154, 'VIVALDO MENDES CONCEIÇÃO', 'BORÓ', '1959-03-28', '2026-02-09 11:38:19', NULL),
  (155, 155, 'MARCIO DIAS DO NASCIMENTO', 'MARCIO FOLHA', '1981-10-14', '2026-02-09 11:38:19', NULL),
  (156, 156, 'JOÃO GERDAL PAIVA DINIZ JÚNIOR', 'GERDAL', '1974-10-10', '2026-02-09 11:38:19', NULL),
  (157, 157, 'IGOR WANDER CENTENO NORMANDO', 'IGOR', '1987-07-29', '2026-02-09 11:38:19', NULL),
  (158, 158, 'HENRIQUE BORGES DA SILVA', 'HENRIQUE BORGES', '1979-07-29', '2026-02-09 11:38:19', NULL),
  (159, 159, 'DOMINGOS GUEDES NETO', 'DOMINGOS ENFERMEIRO', '1980-07-13', '2026-02-09 11:38:19', NULL),
  (160, 160, 'ALEX SOUZA DA SILVA', 'ALEX DO POVO', '1980-05-14', '2026-02-09 11:38:19', NULL),
  (161, 161, 'MARIO RIBEIRO DA SILVA JÚNIOR', 'DR. MÁRIO', '1970-05-11', '2026-02-09 11:38:19', NULL),
  (162, 162, 'EDSON SIQUEIRA DA FONSECA', 'SIQUEIRA FONSECA', '1987-11-28', '2026-02-09 11:38:19', NULL),
  (163, 163, 'JAIME DA SILVA BARBOSA', 'JAIME BARBOSA', '1959-05-03', '2026-02-09 11:38:19', NULL),
  (164, 164, 'CLAUDIONOR MOREIRA DA COSTA', 'CLAUDIONOR', '1961-07-02', '2026-02-09 11:38:19', NULL),
  (165, 165, 'FERNANDA OLIVEIRA LIMA', 'FERNANDA TONHEIRO', '1997-12-27', '2026-02-09 11:38:19', NULL),
  (166, 166, 'HELIO LEITE DA SILVA', 'HELIO LEITE', '1957-12-09', '2026-02-09 11:38:19', NULL),
  (167, 167, 'MARCONE PEREIRA LACERDA', 'MARCONE LACERDA', '1984-09-01', '2026-02-09 11:38:19', NULL),
  (168, 168, 'ELIDA ELENA MOREIRA', 'ELIDA ELENA', '1967-10-02', '2026-02-09 11:38:19', NULL),
  (169, 169, 'MICHEL PESSOA DO NASCIMENTO', 'MICHEL PESSOA', '1987-08-21', '2026-02-09 11:38:19', NULL),
  (170, 170, 'HAMILTON BRITO DOS SANTOS ALVES', 'HAMILTON  BRITO', '1969-08-02', '2026-02-09 11:38:19', NULL),
  (171, 171, 'VALBETANIO BARBOSA MILHOMEM', 'VALBER', '1979-09-20', '2026-02-09 11:38:19', NULL),
  (172, 172, 'EVERTON MACIAS FREITAS', 'EVERTON MACIAS', '1981-10-28', '2026-02-09 11:38:19', NULL),
  (173, 173, 'MARIA IRACILDA DE ALMEIDA ALHO', 'IRACILDA ALHO', '1976-01-31', '2026-02-09 11:38:19', NULL),
  (174, 174, 'ARTHUR POSSIMOSER DO SOCORRO', 'ARTHUR', '1984-11-01', '2026-02-09 11:38:19', NULL),
  (175, 175, 'MÁRCIO NOGUEIRA LOPES', 'XORO PARDAL', '1987-01-15', '2026-02-09 11:38:19', NULL),
  (176, 176, 'PATRÍCIA RONIELLY RAMOS ALENCAR', 'PATRÍCIA ALENCAR', '1987-07-27', '2026-02-09 11:38:19', NULL),
  (177, 177, 'JOSÉ ALVES FEITOSA OLIVEIRA JÚNIOR', 'JR FEITOSA', '1992-09-23', '2026-02-09 11:38:19', NULL),
  (178, 178, 'PIO X SAMPAIO LEITE JUNIOR', 'PIO X JUNIOR', '1981-01-26', '2026-02-09 11:38:19', NULL),
  (179, 179, 'NICODEMOS ALVES DE AGUIAR', 'NICODEMOS AGUIAR', '1964-12-18', '2026-02-09 11:38:19', NULL),
  (180, 180, 'LUIZ CARLOS AGUIAR LEITE', 'LUIZ CARLOS DO POSTO', '1962-03-09', '2026-02-09 11:38:19', NULL),
  (181, 181, 'WAGNO DA SILVA GODOI', 'WAGNO GODOY', '1990-01-10', '2026-02-09 11:38:19', NULL),
  (182, 182, 'JAIR DE SOUSA DAMASCENO', 'JAIR DAMASCENO', '1970-04-12', '2026-02-09 11:38:19', NULL),
  (183, 183, 'MARIA BERNADETE BESSA DO NASCIMENTO', 'BETE BESSA', '1966-12-04', '2026-02-09 11:38:19', NULL),
  (184, 184, 'LAANE BARROS LUCENA FERNANDES', 'LAANE BARROS', '1983-02-08', '2026-02-09 11:38:19', NULL),
  (185, 185, 'ULISSES JOSÉ MEDEIROS ALVES', 'PROF ULISSES', '1976-01-07', '2026-02-09 11:38:19', NULL),
  (186, 186, 'GERSON MIRANDA LOPES', 'GERSON MIRANDA', '1967-09-28', '2026-02-09 11:38:19', NULL),
  (187, 187, 'LIDIANE DE SOUSA CARVALHO', 'LIDIANE FEITOSA', '1985-08-26', '2026-02-09 11:38:19', NULL),
  (188, 188, 'ANTONIO CARLOS CUNHA SA', 'TONI CUNHA', '1982-02-13', '2026-02-09 11:38:19', NULL),
  (189, 189, 'JAILSON DA COSTA ALVES', 'JAILSON DO MOJUÍ', '1968-05-19', '2026-02-09 11:38:19', NULL),
  (190, 190, 'JOSE FRANCISCO VIEGAS DIAS', 'ZÉ VIEGAS', '1978-04-27', '2026-02-09 11:38:19', NULL),
  (191, 191, 'ALUÍSIO VALENTE VIEIRA', 'ALUÍSIO DO TECA', '1967-05-12', '2026-02-09 11:38:19', NULL),
  (192, 192, 'RUBENS DE SOUSA TEIXEIRA', 'RUBENS TEIXEIRA', '1959-08-09', '2026-02-09 11:38:19', NULL),
  (193, 193, 'MARCOS PAULO BARBOSA PANTOJA', 'BIRIZINHO', '1989-06-30', '2026-02-09 11:38:19', NULL),
  (194, 194, 'ALINE COSTA DA SILVA', 'PROFESSORA ALINE', '1979-04-16', '2026-02-09 11:38:19', NULL),
  (195, 195, 'VALDEMIRO FERNANDES COELHO JUNIOR', 'JUNHÃO', '1967-12-22', '2026-02-09 11:38:19', NULL),
  (196, 196, 'SHYDNEY JORGE ROSA', 'SIDNEY ROSA', '1956-03-23', '2026-02-09 11:38:19', NULL),
  (197, 197, 'RIVALDO SALVIANO CAMPOS', 'RIVALDO CAMPOS', '1963-07-12', '2026-02-09 11:38:19', NULL),
  (198, 198, 'GANDOR CALIL HAGE NETO', 'GANDOR HAGE', '1971-10-10', '2026-02-09 11:38:19', NULL),
  (199, 199, 'VALENTIM LUCAS DE OLIVEIRA', 'VALENTIM', '1967-05-21', '2026-02-09 11:38:19', NULL),
  (200, 200, 'JOSE ALBERTO TAVARES DA TRINDADE', 'NENECO', '1970-08-30', '2026-02-09 11:38:19', NULL),
  (201, 201, 'JOSÉ MARIA TAPAJÓS', 'ZÉ MARIA TAPAJÓS', '1956-08-28', '2026-02-09 11:38:19', NULL),
  (202, 202, 'RODRIGO DE AMORIM PINTO', 'RODRIGO AMORIM', '1992-01-10', '2026-02-09 11:38:19', NULL),
  (203, 203, 'ORIVALDO DAS NEVES OLIVEIRA', 'ORIVALDO BATERIA', '1985-06-03', '2026-02-09 11:38:19', NULL),
  (204, 204, 'FABRICIO BATISTA FERREIRA', 'FABRICIO BATISTA', '1973-08-08', '2026-02-09 11:38:19', NULL),
  (205, 205, 'ANTONIO RONALDO NOBRE DO NASCIMENTO', 'RONALDO NOBRE', '1963-09-10', '2026-02-09 11:38:19', NULL),
  (206, 206, 'MARCELLANNE CRISTINA CARNEIRO SOBRAL', 'MARCELLANNE CRISTINA', '1988-07-08', '2026-02-09 11:38:19', NULL),
  (207, 207, 'LEONALDO ALBUQUERQUE DE SOUSA', 'LEONALDO', '1986-11-28', '2026-02-09 11:38:19', NULL),
  (208, 208, 'PAULO VICTOR SILVA DE LIMA', 'PAULO VICTOR', '1992-05-30', '2026-02-09 11:38:19', NULL),
  (209, 209, 'RENER DE SANTANA MIRANDA', 'DR RENER', '1978-03-23', '2026-02-09 11:38:19', NULL),
  (210, 210, 'OSVALDO DE OLIVEIRA ASSUNÇÃO JUNIOR', 'OSVALDINHO ASSUNÇÃO', '1953-01-13', '2026-02-09 11:38:19', NULL),
  (211, 211, 'CARLOS ANTONIO ZANCAN', 'CARLINHOS DO APARECIDO', '1986-03-22', '2026-02-09 11:38:19', NULL),
  (212, 212, 'ELISANGELA PAIVA CELESTINO', 'ELISANGELA CELESTINO', '1975-10-26', '2026-02-09 11:38:19', NULL),
  (213, 213, 'AURÉLIO RAMOS DE OLIVEIRA NETO', 'AURÉLIO GOIANO', '1984-12-13', '2026-02-09 11:38:19', NULL),
  (214, 214, 'MARIANA AZEVEDO MARQUEZ CHAMON', 'MARIANA CHAMON', '1985-10-01', '2026-02-09 11:38:19', NULL),
  (215, 215, 'MARCONES FARIAS DO NASCIMENTO', 'MARCONES MANGUEIRA', '1979-11-15', '2026-02-09 11:38:19', NULL),
  (216, 216, 'JOSÉ FILHO CUNHA DE OLIVEIRA', 'ZÉ FILHO DA FARMÁCIA', '1986-02-18', '2026-02-09 11:38:19', NULL),
  (217, 217, 'MARCOS DIAS DO NASCIMENTO', 'MARCOS BAXIM', '1985-01-30', '2026-02-09 11:38:19', NULL),
  (218, 218, 'JOSE BARBOSA DE FARIA', 'MUSSUM', '1963-02-07', '2026-02-09 11:38:19', NULL);


INSERT INTO `mandato_prefeito` (`id`, `legacy_id`, `municipio_id`, `prefeito_id`, `partido_id`, `ano_eleicao`, `cd_eleicao`, `dt_eleicao`, `nr_turno`, `nr_candidato`, `mandato_inicio`, `mandato_fim`, `mandato_consecutivo`, `reeleito`, `created_at`, `updated_at`) VALUES
  (1, 1, 51, 1, 1, 2020, 511, '2021-10-03', 1, 15, '2021-01-01', '2024-12-31', NULL, NULL, '2026-02-09 11:38:19', NULL),
  (2, 2, 51, 147, 19, 2024, 619, '2024-10-06', 1, 44, '2025-01-01', '2028-12-31', 1, 0, '2026-02-09 11:38:19', '2026-02-09 11:38:19'),
  (3, 3, 1, 2, 2, 2020, 426, '2020-11-15', 1, 45, '2021-01-01', '2024-12-31', NULL, NULL, '2026-02-09 11:38:19', NULL),
  (4, 4, 1, 2, 1, 2024, 619, '2024-10-06', 1, 15, '2025-01-01', '2028-12-31', 2, 1, '2026-02-09 11:38:19', '2026-02-09 11:38:19'),
  (5, 5, 129, 3, 1, 2020, 426, '2020-11-15', 1, 15, '2021-01-01', '2024-12-31', NULL, NULL, '2026-02-09 11:38:19', NULL),
  (6, 6, 129, 148, 1, 2024, 619, '2024-10-06', 1, 15, '2025-01-01', '2028-12-31', 1, 0, '2026-02-09 11:38:19', '2026-02-09 11:38:19'),
  (7, 7, 3, 4, 1, 2020, 426, '2020-11-15', 1, 15, '2021-01-01', '2024-12-31', NULL, NULL, '2026-02-09 11:38:19', NULL),
  (8, 8, 3, 4, 1, 2024, 619, '2024-10-06', 1, 15, '2025-01-01', '2028-12-31', 2, 1, '2026-02-09 11:38:19', '2026-02-09 11:38:19'),
  (9, 9, 22, 5, 3, 2020, 426, '2020-11-15', 1, 20, '2021-01-01', '2024-12-31', NULL, NULL, '2026-02-09 11:38:19', NULL),
  (10, 10, 22, 149, 1, 2024, 619, '2024-10-06', 1, 15, '2025-01-01', '2028-12-31', 1, 0, '2026-02-09 11:38:19', '2026-02-09 11:38:19'),
  (11, 11, 4, 6, 4, 2020, 426, '2020-11-15', 1, 55, '2021-01-01', '2024-12-31', NULL, NULL, '2026-02-09 11:38:19', NULL),
  (12, 12, 4, 150, 1, 2024, 619, '2024-10-06', 1, 15, '2025-01-01', '2028-12-31', 1, 0, '2026-02-09 11:38:19', '2026-02-09 11:38:19'),
  (13, 13, 123, 7, 1, 2020, 426, '2020-11-15', 1, 15, '2021-01-01', '2024-12-31', NULL, NULL, '2026-02-09 11:38:19', NULL),
  (14, 14, 123, 7, 1, 2024, 619, '2024-10-06', 1, 15, '2025-01-01', '2028-12-31', 2, 1, '2026-02-09 11:38:19', '2026-02-09 11:38:19'),
  (15, 15, 6, 8, 1, 2020, 426, '2020-11-15', 1, 15, '2021-01-01', '2024-12-31', NULL, NULL, '2026-02-09 11:38:19', NULL),
  (16, 16, 6, 8, 1, 2024, 619, '2024-10-06', 1, 15, '2025-01-01', '2028-12-31', 2, 1, '2026-02-09 11:38:19', '2026-02-09 11:38:19'),
  (17, 17, 135, 9, 2, 2020, 426, '2020-11-15', 1, 45, '2021-01-01', '2024-12-31', NULL, NULL, '2026-02-09 11:38:19', NULL),
  (18, 18, 135, 9, 19, 2024, 619, '2024-10-06', 1, 44, '2025-01-01', '2028-12-31', 2, 1, '2026-02-09 11:38:19', '2026-02-09 11:38:19'),
  (19, 19, 7, 10, 1, 2020, 426, '2020-11-15', 1, 15, '2021-01-01', '2024-12-31', NULL, NULL, '2026-02-09 11:38:19', NULL),
  (20, 20, 7, 10, 1, 2024, 619, '2024-10-06', 1, 15, '2025-01-01', '2028-12-31', 2, 1, '2026-02-09 11:38:19', '2026-02-09 11:38:19'),
  (21, 21, 64, 11, 1, 2020, 426, '2020-11-15', 1, 15, '2021-01-01', '2024-12-31', NULL, NULL, '2026-02-09 11:38:19', NULL),
  (22, 22, 64, 151, 1, 2024, 619, '2024-10-06', 1, 15, '2025-01-01', '2028-12-31', 1, 0, '2026-02-09 11:38:19', '2026-02-09 11:38:19'),
  (23, 23, 8, 12, 5, 2020, 426, '2020-11-15', 1, 40, '2021-01-01', '2024-12-31', NULL, NULL, '2026-02-09 11:38:19', NULL),
  (24, 24, 8, 152, 4, 2024, 619, '2024-10-06', 1, 55, '2025-01-01', '2028-12-31', 1, 0, '2026-02-09 11:38:19', '2026-02-09 11:38:19'),
  (25, 25, 47, 13, 4, 2020, 426, '2020-11-15', 1, 55, '2021-01-01', '2024-12-31', NULL, NULL, '2026-02-09 11:38:19', NULL),
  (26, 26, 47, 153, 1, 2024, 619, '2024-10-06', 1, 15, '2025-01-01', '2028-12-31', 1, 0, '2026-02-09 11:38:19', '2026-02-09 11:38:19'),
  (27, 27, 9, 14, 2, 2020, 426, '2020-11-15', 1, 45, '2021-01-01', '2024-12-31', NULL, NULL, '2026-02-09 11:38:19', NULL),
  (28, 28, 9, 154, 1, 2024, 619, '2024-10-06', 1, 15, '2025-01-01', '2028-12-31', 1, 0, '2026-02-09 11:38:19', '2026-02-09 11:38:19'),
  (29, 29, 109, 15, 5, 2020, 426, '2020-11-15', 1, 40, '2021-01-01', '2024-12-31', NULL, NULL, '2026-02-09 11:38:19', NULL),
  (30, 30, 109, 15, 1, 2024, 619, '2024-10-06', 1, 15, '2025-01-01', '2028-12-31', 2, 1, '2026-02-09 11:38:19', '2026-02-09 11:38:19'),
  (31, 31, 10, 16, 1, 2020, 426, '2020-11-15', 1, 15, '2021-01-01', '2024-12-31', NULL, NULL, '2026-02-09 11:38:19', NULL),
  (32, 32, 10, 16, 5, 2024, 619, '2024-10-06', 1, 40, '2025-01-01', '2028-12-31', 2, 1, '2026-02-09 11:38:19', '2026-02-09 11:38:19'),
  (33, 33, 87, 17, 2, 2020, 426, '2020-11-15', 1, 45, '2021-01-01', '2024-12-31', NULL, NULL, '2026-02-09 11:38:19', NULL),
  (34, 34, 87, 155, 14, 2024, 619, '2024-10-06', 1, 11, '2025-01-01', '2028-12-31', 1, 0, '2026-02-09 11:38:19', '2026-02-09 11:38:19'),
  (35, 35, 12, 18, 1, 2020, 426, '2020-11-15', 1, 15, '2021-01-01', '2024-12-31', NULL, NULL, '2026-02-09 11:38:19', NULL),
  (36, 36, 12, 18, 1, 2024, 619, '2024-10-06', 1, 15, '2025-01-01', '2028-12-31', 2, 1, '2026-02-09 11:38:19', '2026-02-09 11:38:19'),
  (37, 37, 56, 19, 4, 2020, 426, '2020-11-15', 1, 55, '2021-01-01', '2024-12-31', NULL, NULL, '2026-02-09 11:38:19', NULL),
  (38, 38, 56, 19, 1, 2024, 619, '2024-10-06', 1, 15, '2025-01-01', '2028-12-31', 2, 1, '2026-02-09 11:38:19', '2026-02-09 11:38:19'),
  (39, 39, 14, 20, 1, 2020, 426, '2020-11-15', 1, 15, '2021-01-01', '2024-12-31', NULL, NULL, '2026-02-09 11:38:19', NULL),
  (40, 40, 14, 156, 1, 2024, 619, '2024-10-06', 1, 15, '2025-01-01', '2028-12-31', 1, 0, '2026-02-09 11:38:19', '2026-02-09 11:38:19'),
  (41, 41, 60, 21, 2, 2020, 426, '2020-11-15', 1, 45, '2021-01-01', '2024-12-31', NULL, NULL, '2026-02-09 11:38:19', NULL),
  (42, 42, 60, 21, 1, 2024, 619, '2024-10-06', 1, 15, '2025-01-01', '2028-12-31', 2, 1, '2026-02-09 11:38:19', '2026-02-09 11:38:19'),
  (43, 43, 15, 22, 4, 2020, 426, '2020-11-15', 1, 55, '2021-01-01', '2024-12-31', NULL, NULL, '2026-02-09 11:38:19', NULL),
  (44, 44, 15, 22, 4, 2024, 619, '2024-10-06', 1, 55, '2025-01-01', '2028-12-31', 2, 1, '2026-02-09 11:38:19', '2026-02-09 11:38:19'),
  (45, 45, 25, 23, 1, 2020, 426, '2020-11-15', 1, 15, '2021-01-01', '2024-12-31', NULL, NULL, '2026-02-09 11:38:19', NULL),
  (46, 46, 25, 23, 1, 2024, 619, '2024-10-06', 1, 15, '2025-01-01', '2028-12-31', 2, 1, '2026-02-09 11:38:19', '2026-02-09 11:38:19'),
  (47, 47, 16, 24, 4, 2020, 426, '2020-11-15', 1, 55, '2021-01-01', '2024-12-31', NULL, NULL, '2026-02-09 11:38:19', NULL),
  (48, 48, 16, 24, 1, 2024, 619, '2024-10-06', 1, 15, '2025-01-01', '2028-12-31', 2, 1, '2026-02-09 11:38:19', '2026-02-09 11:38:19'),
  (49, 49, 106, 25, 1, 2020, 426, '2020-11-15', 1, 15, '2021-01-01', '2024-12-31', NULL, NULL, '2026-02-09 11:38:19', NULL),
  (50, 50, 106, 25, 1, 2024, 619, '2024-10-06', 1, 15, '2025-01-01', '2028-12-31', 2, 1, '2026-02-09 11:38:19', '2026-02-09 11:38:19'),
  (51, 51, 18, 26, 6, 2020, 426, '2020-11-15', 1, 22, '2021-01-01', '2024-12-31', NULL, NULL, '2026-02-09 11:38:19', NULL),
  (52, 52, 18, 26, 14, 2024, 619, '2024-10-06', 1, 11, '2025-01-01', '2028-12-31', 2, 1, '2026-02-09 11:38:19', '2026-02-09 11:38:19'),
  (53, 53, 5, 27, 2, 2020, 426, '2020-11-15', 1, 45, '2021-01-01', '2024-12-31', NULL, NULL, '2026-02-09 11:38:19', NULL),
  (54, 54, 5, 27, 19, 2024, 619, '2024-10-06', 1, 44, '2025-01-01', '2028-12-31', 2, 1, '2026-02-09 11:38:19', '2026-02-09 11:38:19'),
  (55, 55, 19, 28, 7, 2020, 427, '2020-11-29', 2, 50, '2021-01-01', '2024-12-31', NULL, NULL, '2026-02-09 11:38:19', NULL),
  (56, 56, 19, 157, 1, 2024, 620, '2024-10-27', 2, 15, '2025-01-01', '2028-12-31', 1, 0, '2026-02-09 11:38:19', '2026-02-09 11:38:19'),
  (57, 57, 134, 29, 6, 2020, 426, '2020-11-15', 1, 22, '2021-01-01', '2024-12-31', NULL, NULL, '2026-02-09 11:38:19', NULL),
  (58, 58, 134, 158, 18, 2024, 619, '2024-10-06', 1, 70, '2025-01-01', '2028-12-31', 1, 0, '2026-02-09 11:38:19', '2026-02-09 11:38:19'),
  (59, 59, 21, 30, 8, 2020, 426, '2020-11-15', 1, 19, '2021-01-01', '2024-12-31', NULL, NULL, '2026-02-09 11:38:19', NULL),
  (60, 60, 21, 30, 1, 2024, 619, '2024-10-06', 1, 15, '2025-01-01', '2028-12-31', 2, 1, '2026-02-09 11:38:19', '2026-02-09 11:38:19'),
  (61, 61, 90, 31, 8, 2020, 426, '2020-11-15', 1, 19, '2021-01-01', '2024-12-31', NULL, NULL, '2026-02-09 11:38:19', NULL),
  (62, 62, 90, 159, 1, 2024, 619, '2024-10-06', 1, 15, '2025-01-01', '2028-12-31', 1, 0, '2026-02-09 11:38:19', '2026-02-09 11:38:19'),
  (63, 63, 23, 32, 9, 2020, 426, '2020-11-15', 1, 14, '2021-01-01', '2024-12-31', NULL, NULL, '2026-02-09 11:38:19', NULL),
  (64, 64, 23, 160, 1, 2024, 619, '2024-10-06', 1, 15, '2025-01-01', '2028-12-31', 1, 0, '2026-02-09 11:38:19', '2026-02-09 11:38:19'),
  (65, 65, 137, 33, 1, 2020, 426, '2020-11-15', 1, 15, '2021-01-01', '2024-12-31', NULL, NULL, '2026-02-09 11:38:19', NULL),
  (66, 66, 137, 33, 1, 2024, 619, '2024-10-06', 1, 15, '2025-01-01', '2028-12-31', 2, 1, '2026-02-09 11:38:19', '2026-02-09 11:38:19'),
  (67, 67, 24, 34, 2, 2020, 426, '2020-11-15', 1, 45, '2021-01-01', '2024-12-31', NULL, NULL, '2026-02-09 11:38:19', NULL),
  (68, 68, 24, 161, 1, 2024, 619, '2024-10-06', 1, 15, '2025-01-01', '2028-12-31', 1, 0, '2026-02-09 11:38:19', '2026-02-09 11:38:19'),
  (69, 69, 13, 35, 1, 2020, 426, '2020-11-15', 1, 15, '2021-01-01', '2024-12-31', NULL, NULL, '2026-02-09 11:38:19', NULL),
  (70, 70, 13, 35, 1, 2024, 619, '2024-10-06', 1, 15, '2025-01-01', '2028-12-31', 2, 1, '2026-02-09 11:38:19', '2026-02-09 11:38:19'),
  (71, 71, 28, 36, 1, 2020, 426, '2020-11-15', 1, 15, '2021-01-01', '2024-12-31', NULL, NULL, '2026-02-09 11:38:19', NULL),
  (72, 72, 28, 36, 1, 2024, 619, '2024-10-06', 1, 15, '2025-01-01', '2028-12-31', 2, 1, '2026-02-09 11:38:19', '2026-02-09 11:38:19'),
  (73, 73, 131, 37, 4, 2020, 426, '2020-11-15', 1, 55, '2021-01-01', '2024-12-31', NULL, NULL, '2026-02-09 11:38:19', NULL),
  (74, 74, 131, 162, 10, 2024, 619, '2024-10-06', 1, 10, '2025-01-01', '2028-12-31', 1, 0, '2026-02-09 11:38:19', '2026-02-09 11:38:19'),
  (75, 75, 29, 38, 1, 2020, 426, '2020-11-15', 1, 15, '2021-01-01', '2024-12-31', NULL, NULL, '2026-02-09 11:38:19', NULL),
  (76, 76, 29, 38, 1, 2024, 619, '2024-10-06', 1, 15, '2025-01-01', '2028-12-31', 2, 1, '2026-02-09 11:38:19', '2026-02-09 11:38:19'),
  (77, 77, 79, 39, 1, 2020, 426, '2020-11-15', 1, 15, '2021-01-01', '2024-12-31', NULL, NULL, '2026-02-09 11:38:19', NULL),
  (78, 78, 79, 39, 1, 2024, 619, '2024-10-06', 1, 15, '2025-01-01', '2028-12-31', 2, 1, '2026-02-09 11:38:19', '2026-02-09 11:38:19'),
  (79, 79, 30, 40, 1, 2020, 426, '2020-11-15', 1, 15, '2021-01-01', '2024-12-31', NULL, NULL, '2026-02-09 11:38:19', NULL),
  (80, 80, 30, 163, 1, 2024, 619, '2024-10-06', 1, 15, '2025-01-01', '2028-12-31', 1, 0, '2026-02-09 11:38:19', '2026-02-09 11:38:19'),
  (81, 81, 140, 41, 5, 2020, 426, '2020-11-15', 1, 40, '2021-01-01', '2024-12-31', NULL, NULL, '2026-02-09 11:38:19', NULL),
  (82, 82, 140, 41, 1, 2024, 619, '2024-10-06', 1, 15, '2025-01-01', '2028-12-31', 2, 1, '2026-02-09 11:38:19', '2026-02-09 11:38:19'),
  (83, 83, 32, 42, 1, 2020, 426, '2020-11-15', 1, 15, '2021-01-01', '2024-12-31', NULL, NULL, '2026-02-09 11:38:19', NULL),
  (84, 84, 32, 42, 1, 2024, 619, '2024-10-06', 1, 15, '2025-01-01', '2028-12-31', 2, 1, '2026-02-09 11:38:19', '2026-02-09 11:38:19'),
  (85, 85, 80, 43, 4, 2020, 426, '2020-11-15', 1, 55, '2021-01-01', '2024-12-31', NULL, NULL, '2026-02-09 11:38:19', NULL),
  (86, 86, 80, 43, 4, 2024, 619, '2024-10-06', 1, 55, '2025-01-01', '2028-12-31', 2, 1, '2026-02-09 11:38:19', '2026-02-09 11:38:19'),
  (87, 87, 34, 44, 1, 2020, 426, '2020-11-15', 1, 15, '2021-01-01', '2024-12-31', NULL, NULL, '2026-02-09 11:38:19', NULL),
  (88, 88, 34, 164, 14, 2024, 619, '2024-10-06', 1, 11, '2025-01-01', '2028-12-31', 1, 0, '2026-02-09 11:38:19', '2026-02-09 11:38:19'),
  (89, 89, 27, 45, 6, 2020, 426, '2020-11-15', 1, 22, '2021-01-01', '2024-12-31', NULL, NULL, '2026-02-09 11:38:19', NULL),
  (90, 90, 27, 45, 1, 2024, 619, '2024-10-06', 1, 15, '2025-01-01', '2028-12-31', 2, 1, '2026-02-09 11:38:19', '2026-02-09 11:38:19'),
  (91, 91, 35, 46, 6, 2020, 426, '2020-11-15', 1, 22, '2021-01-01', '2024-12-31', NULL, NULL, '2026-02-09 11:38:19', NULL),
  (92, 92, 35, 165, 14, 2024, 619, '2024-10-06', 1, 11, '2025-01-01', '2028-12-31', 1, 0, '2026-02-09 11:38:19', '2026-02-09 11:38:19'),
  (93, 93, 117, 47, 1, 2020, 426, '2020-11-15', 1, 15, '2021-01-01', '2024-12-31', NULL, NULL, '2026-02-09 11:38:19', NULL),
  (94, 94, 117, 47, 1, 2024, 619, '2024-10-06', 1, 15, '2025-01-01', '2028-12-31', 2, 1, '2026-02-09 11:38:19', '2026-02-09 11:38:19'),
  (95, 95, 36, 48, 1, 2020, 426, '2020-11-15', 1, 15, '2021-01-01', '2024-12-31', NULL, NULL, '2026-02-09 11:38:19', NULL),
  (96, 96, 36, 166, 19, 2024, 619, '2024-10-06', 1, 44, '2025-01-01', '2028-12-31', 1, 0, '2026-02-09 11:38:19', '2026-02-09 11:38:19'),
  (97, 97, 76, 49, 1, 2020, 426, '2020-11-15', 1, 15, '2021-01-01', '2024-12-31', NULL, NULL, '2026-02-09 11:38:19', NULL),
  (98, 98, 76, 49, 1, 2024, 619, '2024-10-06', 1, 15, '2025-01-01', '2028-12-31', 2, 1, '2026-02-09 11:38:19', '2026-02-09 11:38:19'),
  (99, 99, 37, 50, 9, 2020, 426, '2020-11-15', 1, 14, '2021-01-01', '2024-12-31', NULL, NULL, '2026-02-09 11:38:19', NULL),
  (100, 100, 37, 50, 4, 2024, 619, '2024-10-06', 1, 55, '2025-01-01', '2028-12-31', 2, 1, '2026-02-09 11:38:19', '2026-02-09 11:38:19'),
  (101, 101, 2, 51, 6, 2020, 426, '2020-11-15', 1, 22, '2021-01-01', '2024-12-31', NULL, NULL, '2026-02-09 11:38:19', NULL),
  (102, 102, 2, 167, 19, 2024, 619, '2024-10-06', 1, 44, '2025-01-01', '2028-12-31', 1, 0, '2026-02-09 11:38:19', '2026-02-09 11:38:19'),
  (103, 103, 38, 52, 1, 2020, 426, '2020-11-15', 1, 15, '2021-01-01', '2024-12-31', NULL, NULL, '2026-02-09 11:38:19', NULL),
  (104, 104, 38, 52, 1, 2024, 619, '2024-10-06', 1, 15, '2025-01-01', '2028-12-31', 2, 1, '2026-02-09 11:38:19', '2026-02-09 11:38:19'),
  (105, 105, 41, 53, 1, 2020, 426, '2020-11-15', 1, 15, '2021-01-01', '2024-12-31', NULL, NULL, '2026-02-09 11:38:19', NULL),
  (106, 106, 41, 53, 1, 2024, 619, '2024-10-06', 1, 15, '2025-01-01', '2028-12-31', 2, 1, '2026-02-09 11:38:19', '2026-02-09 11:38:19'),
  (107, 107, 39, 54, 1, 2020, 426, '2020-11-15', 1, 15, '2021-01-01', '2024-12-31', NULL, NULL, '2026-02-09 11:38:19', NULL),
  (108, 108, 39, 168, 1, 2024, 619, '2024-10-06', 1, 15, '2025-01-01', '2028-12-31', 1, 0, '2026-02-09 11:38:19', '2026-02-09 11:38:19'),
  (109, 109, 130, 55, 3, 2020, 426, '2020-11-15', 1, 20, '2021-01-01', '2024-12-31', NULL, NULL, '2026-02-09 11:38:19', NULL),
  (110, 110, 130, 169, 10, 2024, 619, '2024-10-06', 1, 10, '2025-01-01', '2028-12-31', 1, 0, '2026-02-09 11:38:19', '2026-02-09 11:38:19'),
  (111, 111, 43, 56, 4, 2020, 426, '2020-11-15', 1, 55, '2021-01-01', '2024-12-31', NULL, NULL, '2026-02-09 11:38:19', NULL),
  (112, 112, 43, 56, 4, 2024, 619, '2024-10-06', 1, 55, '2025-01-01', '2028-12-31', 2, 1, '2026-02-09 11:38:19', '2026-02-09 11:38:19'),
  (113, 113, 49, 57, 6, 2020, 426, '2020-11-15', 1, 22, '2021-01-01', '2024-12-31', NULL, NULL, '2026-02-09 11:38:19', NULL),
  (114, 114, 49, 57, 1, 2024, 619, '2024-10-06', 1, 15, '2025-01-01', '2028-12-31', 2, 1, '2026-02-09 11:38:19', '2026-02-09 11:38:19'),
  (115, 115, 44, 58, 1, 2020, 426, '2020-11-15', 1, 15, '2021-01-01', '2024-12-31', NULL, NULL, '2026-02-09 11:38:19', NULL),
  (116, 116, 44, 170, 1, 2024, 619, '2024-10-06', 1, 15, '2025-01-01', '2028-12-31', 1, 0, '2026-02-09 11:38:19', '2026-02-09 11:38:19'),
  (117, 117, 17, 59, 1, 2020, 426, '2020-11-15', 1, 15, '2021-01-01', '2024-12-31', NULL, NULL, '2026-02-09 11:38:19', NULL),
  (118, 118, 17, 171, 19, 2024, 619, '2024-10-06', 1, 44, '2025-01-01', '2028-12-31', 1, 0, '2026-02-09 11:38:19', '2026-02-09 11:38:19'),
  (119, 119, 48, 60, 4, 2020, 426, '2020-11-15', 1, 55, '2021-01-01', '2024-12-31', NULL, NULL, '2026-02-09 11:38:19', NULL),
  (120, 120, 48, 60, 4, 2024, 619, '2024-10-06', 1, 55, '2025-01-01', '2028-12-31', 2, 1, '2026-02-09 11:38:19', '2026-02-09 11:38:19'),
  (121, 121, 77, 61, 1, 2020, 426, '2020-11-15', 1, 15, '2021-01-01', '2024-12-31', NULL, NULL, '2026-02-09 11:38:19', NULL),
  (122, 122, 77, 172, 1, 2024, 619, '2024-10-06', 1, 15, '2025-01-01', '2028-12-31', 1, 0, '2026-02-09 11:38:19', '2026-02-09 11:38:19'),
  (123, 123, 52, 62, 1, 2020, 426, '2020-11-15', 1, 15, '2021-01-01', '2024-12-31', NULL, NULL, '2026-02-09 11:38:19', NULL),
  (124, 124, 52, 173, 1, 2024, 619, '2024-10-06', 1, 15, '2025-01-01', '2028-12-31', 1, 0, '2026-02-09 11:38:19', '2026-02-09 11:38:19'),
  (125, 125, 93, 63, 1, 2020, 426, '2020-11-15', 1, 15, '2021-01-01', '2024-12-31', NULL, NULL, '2026-02-09 11:38:19', NULL),
  (126, 126, 93, 174, 1, 2024, 619, '2024-10-06', 1, 15, '2025-01-01', '2028-12-31', 1, 0, '2026-02-09 11:38:19', '2026-02-09 11:38:19'),
  (127, 127, 53, 64, 2, 2020, 426, '2020-11-15', 1, 45, '2021-01-01', '2024-12-31', NULL, NULL, '2026-02-09 11:38:19', NULL),
  (128, 128, 53, 175, 19, 2024, 619, '2024-10-06', 1, 44, '2025-01-01', '2028-12-31', 1, 0, '2026-02-09 11:38:19', '2026-02-09 11:38:19'),
  (129, 129, 69, 65, 10, 2020, 426, '2020-11-15', 1, 10, '2021-01-01', '2024-12-31', NULL, NULL, '2026-02-09 11:38:19', NULL),
  (130, 130, 69, 176, 1, 2024, 619, '2024-10-06', 1, 15, '2025-01-01', '2028-12-31', 1, 0, '2026-02-09 11:38:19', '2026-02-09 11:38:19'),
  (131, 131, 54, 66, 11, 2020, 426, '2020-11-15', 1, 13, '2021-01-01', '2024-12-31', NULL, NULL, '2026-02-09 11:38:19', NULL),
  (132, 132, 54, 66, 11, 2024, 619, '2024-10-06', 1, 13, '2025-01-01', '2028-12-31', 2, 1, '2026-02-09 11:38:19', '2026-02-09 11:38:19'),
  (133, 133, 133, 67, 9, 2020, 426, '2020-11-15', 1, 14, '2021-01-01', '2024-12-31', NULL, NULL, '2026-02-09 11:38:19', NULL),
  (134, 134, 133, 67, 14, 2024, 619, '2024-10-06', 1, 11, '2025-01-01', '2028-12-31', 2, 1, '2026-02-09 11:38:19', '2026-02-09 11:38:19'),
  (135, 135, 55, 68, 12, 2020, 426, '2020-11-15', 1, 25, '2021-01-01', '2024-12-31', NULL, NULL, '2026-02-09 11:38:19', NULL),
  (136, 136, 55, 177, 19, 2024, 619, '2024-10-06', 1, 44, '2025-01-01', '2028-12-31', 1, 0, '2026-02-09 11:38:19', '2026-02-09 11:38:19'),
  (137, 137, 99, 69, 1, 2020, 426, '2020-11-15', 1, 15, '2021-01-01', '2024-12-31', NULL, NULL, '2026-02-09 11:38:19', NULL),
  (138, 138, 99, 69, 1, 2024, 619, '2024-10-06', 1, 15, '2025-01-01', '2028-12-31', 2, 1, '2026-02-09 11:38:19', '2026-02-09 11:38:19'),
  (139, 139, 57, 70, 6, 2020, 426, '2020-11-15', 1, 22, '2021-01-01', '2024-12-31', NULL, NULL, '2026-02-09 11:38:19', NULL),
  (140, 140, 57, 178, 4, 2024, 619, '2024-10-06', 1, 55, '2025-01-01', '2028-12-31', 1, 0, '2026-02-09 11:38:19', '2026-02-09 11:38:19'),
  (141, 141, 33, 71, 1, 2020, 426, '2020-11-15', 1, 15, '2021-01-01', '2024-12-31', NULL, NULL, '2026-02-09 11:38:19', NULL),
  (142, 142, 33, 71, 1, 2024, 619, '2024-10-06', 1, 15, '2025-01-01', '2028-12-31', 2, 1, '2026-02-09 11:38:19', '2026-02-09 11:38:19'),
  (143, 143, 58, 72, 1, 2020, 426, '2020-11-15', 1, 15, '2021-01-01', '2024-12-31', NULL, NULL, '2026-02-09 11:38:19', NULL),
  (144, 144, 58, 179, 1, 2024, 619, '2024-10-06', 1, 15, '2025-01-01', '2028-12-31', 1, 0, '2026-02-09 11:38:19', '2026-02-09 11:38:19'),
  (145, 145, 11, 73, 1, 2020, 426, '2020-11-15', 1, 15, '2021-01-01', '2024-12-31', NULL, NULL, '2026-02-09 11:38:19', NULL),
  (146, 146, 11, 180, 10, 2024, 619, '2024-10-06', 1, 10, '2025-01-01', '2028-12-31', 1, 0, '2026-02-09 11:38:19', '2026-02-09 11:38:19'),
  (147, 147, 59, 74, 4, 2020, 426, '2020-11-15', 1, 55, '2021-01-01', '2024-12-31', NULL, NULL, '2026-02-09 11:38:19', NULL),
  (148, 148, 59, 181, 14, 2024, 619, '2024-10-06', 1, 11, '2025-01-01', '2028-12-31', 1, 0, '2026-02-09 11:38:19', '2026-02-09 11:38:19'),
  (149, 149, 45, 75, 8, 2020, 426, '2020-11-15', 1, 19, '2021-01-01', '2024-12-31', NULL, NULL, '2026-02-09 11:38:19', NULL),
  (150, 150, 45, 182, 19, 2024, 619, '2024-10-06', 1, 44, '2025-01-01', '2028-12-31', 1, 0, '2026-02-09 11:38:19', '2026-02-09 11:38:19'),
  (151, 151, 61, 76, 6, 2020, 426, '2020-11-15', 1, 22, '2021-01-01', '2024-12-31', NULL, NULL, '2026-02-09 11:38:19', NULL),
  (152, 152, 61, 76, 1, 2024, 619, '2024-10-06', 1, 15, '2025-01-01', '2028-12-31', 2, 1, '2026-02-09 11:38:19', '2026-02-09 11:38:19'),
  (153, 153, 31, 77, 13, 2020, 426, '2020-11-15', 1, 77, '2021-01-01', '2024-12-31', NULL, NULL, '2026-02-09 11:38:19', NULL),
  (154, 154, 31, 183, 1, 2024, 619, '2024-10-06', 1, 15, '2025-01-01', '2028-12-31', 1, 0, '2026-02-09 11:38:19', '2026-02-09 11:38:19'),
  (155, 155, 62, 78, 1, 2020, 426, '2020-11-15', 1, 15, '2021-01-01', '2024-12-31', NULL, NULL, '2026-02-09 11:38:19', NULL),
  (156, 156, 62, 78, 1, 2024, 619, '2024-10-06', 1, 15, '2025-01-01', '2028-12-31', 2, 1, '2026-02-09 11:38:19', '2026-02-09 11:38:19'),
  (157, 157, 92, 79, 1, 2020, 426, '2020-11-15', 1, 15, '2021-01-01', '2024-12-31', NULL, NULL, '2026-02-09 11:38:19', NULL),
  (158, 158, 92, 184, 1, 2024, 619, '2024-10-06', 1, 15, '2025-01-01', '2028-12-31', 1, 0, '2026-02-09 11:38:19', '2026-02-09 11:38:19'),
  (159, 159, 63, 80, 2, 2020, 426, '2020-11-15', 1, 45, '2021-01-01', '2024-12-31', NULL, NULL, '2026-02-09 11:38:19', NULL),
  (160, 160, 63, 80, 1, 2024, 619, '2024-10-06', 1, 15, '2025-01-01', '2028-12-31', 2, 1, '2026-02-09 11:38:19', '2026-02-09 11:38:19'),
  (161, 161, 20, 81, 12, 2020, 426, '2020-11-15', 1, 25, '2021-01-01', '2024-12-31', NULL, NULL, '2026-02-09 11:38:19', NULL),
  (162, 162, 20, 185, 1, 2024, 619, '2024-10-06', 1, 15, '2025-01-01', '2028-12-31', 1, 0, '2026-02-09 11:38:19', '2026-02-09 11:38:19'),
  (163, 163, 65, 82, 4, 2020, 426, '2020-11-15', 1, 55, '2021-01-01', '2024-12-31', NULL, NULL, '2026-02-09 11:38:19', NULL),
  (164, 164, 65, 186, 17, 2024, 619, '2024-10-06', 1, 12, '2025-01-01', '2028-12-31', 1, 0, '2026-02-09 11:38:19', '2026-02-09 11:38:19'),
  (165, 165, 122, 83, 1, 2020, 426, '2020-11-15', 1, 15, '2021-01-01', '2024-12-31', NULL, NULL, '2026-02-09 11:38:19', NULL),
  (166, 166, 122, 187, 4, 2024, 619, '2024-10-06', 1, 55, '2025-01-01', '2028-12-31', 1, 0, '2026-02-09 11:38:19', '2026-02-09 11:38:19'),
  (167, 167, 66, 84, 4, 2020, 426, '2020-11-15', 1, 55, '2021-01-01', '2024-12-31', NULL, NULL, '2026-02-09 11:38:19', NULL),
  (168, 168, 66, 188, 6, 2024, 619, '2024-10-06', 1, 22, '2025-01-01', '2028-12-31', 1, 0, '2026-02-09 11:38:19', '2026-02-09 11:38:19'),
  (169, 169, 143, 85, 1, 2020, 426, '2020-11-15', 1, 15, '2021-01-01', '2024-12-31', NULL, NULL, '2026-02-09 11:38:19', NULL),
  (170, 170, 143, 85, 1, 2024, 619, '2024-10-06', 1, 15, '2025-01-01', '2028-12-31', 2, 1, '2026-02-09 11:38:19', '2026-02-09 11:38:19'),
  (171, 171, 67, 86, 6, 2020, 426, '2020-11-15', 1, 22, '2021-01-01', '2024-12-31', NULL, NULL, '2026-02-09 11:38:19', NULL),
  (172, 172, 67, 86, 1, 2024, 619, '2024-10-06', 1, 15, '2025-01-01', '2028-12-31', 2, 1, '2026-02-09 11:38:19', '2026-02-09 11:38:19'),
  (173, 173, 144, 87, 1, 2020, 426, '2020-11-15', 1, 15, '2021-01-01', '2024-12-31', NULL, NULL, '2026-02-09 11:38:19', NULL),
  (174, 174, 144, 189, 4, 2024, 619, '2024-10-06', 1, 55, '2025-01-01', '2028-12-31', 1, 0, '2026-02-09 11:38:19', '2026-02-09 11:38:19'),
  (175, 175, 68, 88, 1, 2020, 426, '2020-11-15', 1, 15, '2021-01-01', '2024-12-31', NULL, NULL, '2026-02-09 11:38:19', NULL),
  (176, 176, 68, 88, 1, 2024, 619, '2024-10-06', 1, 15, '2025-01-01', '2028-12-31', 2, 1, '2026-02-09 11:38:19', '2026-02-09 11:38:19'),
  (177, 177, 71, 89, 2, 2020, 426, '2020-11-15', 1, 45, '2021-01-01', '2024-12-31', NULL, NULL, '2026-02-09 11:38:19', NULL),
  (178, 178, 71, 190, 1, 2024, 619, '2024-10-06', 1, 15, '2025-01-01', '2028-12-31', 1, 0, '2026-02-09 11:38:19', '2026-02-09 11:38:19'),
  (179, 179, 72, 90, 1, 2020, 426, '2020-11-15', 1, 15, '2021-01-01', '2024-12-31', NULL, NULL, '2026-02-09 11:38:19', NULL),
  (180, 180, 72, 191, 10, 2024, 619, '2024-10-06', 1, 10, '2025-01-01', '2028-12-31', 1, 0, '2026-02-09 11:38:19', '2026-02-09 11:38:19'),
  (181, 181, 73, 91, 1, 2020, 426, '2020-11-15', 1, 15, '2021-01-01', '2024-12-31', NULL, NULL, '2026-02-09 11:38:19', NULL),
  (182, 182, 73, 192, 1, 2024, 619, '2024-10-06', 1, 15, '2025-01-01', '2028-12-31', 1, 0, '2026-02-09 11:38:19', '2026-02-09 11:38:19'),
  (183, 183, 74, 92, 1, 2020, 426, '2020-11-15', 1, 15, '2021-01-01', '2024-12-31', NULL, NULL, '2026-02-09 11:38:19', NULL),
  (184, 184, 74, 93, 14, 2020, 631, '2024-06-09', 1, 11, '2021-01-01', '2024-12-31', NULL, NULL, '2026-02-09 11:38:19', NULL),
  (185, 185, 74, 93, 14, 2024, 619, '2024-10-06', 1, 11, '2025-01-01', '2028-12-31', 2, 1, '2026-02-09 11:38:19', '2026-02-09 11:38:19'),
  (186, 186, 75, 94, 3, 2020, 426, '2020-11-15', 1, 20, '2021-01-01', '2024-12-31', NULL, NULL, '2026-02-09 11:38:19', NULL),
  (187, 187, 75, 193, 4, 2024, 619, '2024-10-06', 1, 55, '2025-01-01', '2028-12-31', 1, 0, '2026-02-09 11:38:19', '2026-02-09 11:38:19'),
  (188, 188, 78, 95, 1, 2020, 426, '2020-11-15', 1, 15, '2021-01-01', '2024-12-31', NULL, NULL, '2026-02-09 11:38:19', NULL),
  (189, 189, 78, 194, 14, 2024, 619, '2024-10-06', 1, 11, '2025-01-01', '2028-12-31', 1, 0, '2026-02-09 11:38:19', '2026-02-09 11:38:19'),
  (190, 190, 81, 96, 1, 2020, 426, '2020-11-15', 1, 15, '2021-01-01', '2024-12-31', NULL, NULL, '2026-02-09 11:38:19', NULL),
  (191, 191, 81, 96, 1, 2024, 619, '2024-10-06', 1, 15, '2025-01-01', '2028-12-31', 2, 1, '2026-02-09 11:38:19', '2026-02-09 11:38:19'),
  (192, 192, 82, 97, 15, 2020, 426, '2020-11-15', 1, 33, '2021-01-01', '2024-12-31', NULL, NULL, '2026-02-09 11:38:19', NULL),
  (193, 193, 82, 97, 14, 2024, 619, '2024-10-06', 1, 11, '2025-01-01', '2028-12-31', 2, 1, '2026-02-09 11:38:19', '2026-02-09 11:38:19'),
  (194, 194, 83, 98, 16, 2020, 426, '2020-11-15', 1, 28, '2021-01-01', '2024-12-31', NULL, NULL, '2026-02-09 11:38:19', NULL),
  (195, 195, 83, 98, 10, 2024, 619, '2024-10-06', 1, 10, '2025-01-01', '2028-12-31', 2, 1, '2026-02-09 11:38:19', '2026-02-09 11:38:19'),
  (196, 196, 84, 99, 2, 2020, 426, '2020-11-15', 1, 45, '2021-01-01', '2024-12-31', NULL, NULL, '2026-02-09 11:38:19', NULL),
  (197, 197, 84, 195, 19, 2024, 619, '2024-10-06', 1, 44, '2025-01-01', '2028-12-31', 1, 0, '2026-02-09 11:38:19', '2026-02-09 11:38:19'),
  (198, 198, 88, 100, 4, 2020, 426, '2020-11-15', 1, 55, '2021-01-01', '2024-12-31', NULL, NULL, '2026-02-09 11:38:19', NULL),
  (199, 199, 88, 196, 1, 2024, 619, '2024-10-06', 1, 15, '2025-01-01', '2028-12-31', 1, 0, '2026-02-09 11:38:19', '2026-02-09 11:38:19'),
  (200, 200, 91, 101, 1, 2020, 426, '2020-11-15', 1, 15, '2021-01-01', '2024-12-31', NULL, NULL, '2026-02-09 11:38:19', NULL),
  (201, 201, 91, 101, 1, 2024, 619, '2024-10-06', 1, 15, '2025-01-01', '2028-12-31', 2, 1, '2026-02-09 11:38:19', '2026-02-09 11:38:19'),
  (202, 202, 94, 102, 4, 2020, 426, '2020-11-15', 1, 55, '2021-01-01', '2024-12-31', NULL, NULL, '2026-02-09 11:38:19', NULL),
  (203, 203, 94, 102, 19, 2024, 619, '2024-10-06', 1, 44, '2025-01-01', '2028-12-31', 2, 1, '2026-02-09 11:38:19', '2026-02-09 11:38:19'),
  (204, 204, 95, 103, 1, 2020, 426, '2020-11-15', 1, 15, '2021-01-01', '2024-12-31', NULL, NULL, '2026-02-09 11:38:19', NULL),
  (205, 205, 95, 103, 1, 2024, 619, '2024-10-06', 1, 15, '2025-01-01', '2028-12-31', 2, 1, '2026-02-09 11:38:19', '2026-02-09 11:38:19'),
  (206, 206, 96, 104, 9, 2020, 426, '2020-11-15', 1, 14, '2021-01-01', '2024-12-31', NULL, NULL, '2026-02-09 11:38:19', NULL),
  (207, 207, 96, 197, 1, 2024, 619, '2024-10-06', 1, 15, '2025-01-01', '2028-12-31', 1, 0, '2026-02-09 11:38:19', '2026-02-09 11:38:19'),
  (208, 208, 97, 105, 1, 2020, 426, '2020-11-15', 1, 15, '2021-01-01', '2024-12-31', NULL, NULL, '2026-02-09 11:38:19', NULL),
  (209, 209, 97, 198, 14, 2024, 619, '2024-10-06', 1, 11, '2025-01-01', '2028-12-31', 1, 0, '2026-02-09 11:38:19', '2026-02-09 11:38:19'),
  (210, 210, 98, 106, 12, 2020, 426, '2020-11-15', 1, 25, '2021-01-01', '2024-12-31', NULL, NULL, '2026-02-09 11:38:19', NULL),
  (211, 211, 98, 106, 11, 2024, 619, '2024-10-06', 1, 13, '2025-01-01', '2028-12-31', 2, 1, '2026-02-09 11:38:19', '2026-02-09 11:38:19'),
  (212, 212, 104, 107, 6, 2020, 426, '2020-11-15', 1, 22, '2021-01-01', '2024-12-31', NULL, NULL, '2026-02-09 11:38:19', NULL),
  (213, 213, 104, 107, 14, 2024, 619, '2024-10-06', 1, 11, '2025-01-01', '2028-12-31', 2, 1, '2026-02-09 11:38:19', '2026-02-09 11:38:19'),
  (214, 214, 105, 108, 8, 2020, 426, '2020-11-15', 1, 19, '2021-01-01', '2024-12-31', NULL, NULL, '2026-02-09 11:38:19', NULL),
  (215, 215, 105, 199, 1, 2024, 619, '2024-10-06', 1, 15, '2025-01-01', '2028-12-31', 1, 0, '2026-02-09 11:38:19', '2026-02-09 11:38:19'),
  (216, 216, 107, 109, 1, 2020, 426, '2020-11-15', 1, 15, '2021-01-01', '2024-12-31', NULL, NULL, '2026-02-09 11:38:19', NULL),
  (217, 217, 107, 109, 1, 2024, 619, '2024-10-06', 1, 15, '2025-01-01', '2028-12-31', 2, 1, '2026-02-09 11:38:19', '2026-02-09 11:38:19'),
  (218, 218, 108, 110, 12, 2020, 426, '2020-11-15', 1, 25, '2021-01-01', '2024-12-31', NULL, NULL, '2026-02-09 11:38:19', NULL),
  (219, 219, 108, 200, 1, 2024, 619, '2024-10-06', 1, 15, '2025-01-01', '2028-12-31', 1, 0, '2026-02-09 11:38:19', '2026-02-09 11:38:19'),
  (220, 220, 111, 111, 4, 2020, 426, '2020-11-15', 1, 55, '2021-01-01', '2024-12-31', NULL, NULL, '2026-02-09 11:38:19', NULL),
  (221, 221, 111, 111, 4, 2024, 619, '2024-10-06', 1, 55, '2025-01-01', '2028-12-31', 2, 1, '2026-02-09 11:38:19', '2026-02-09 11:38:19'),
  (222, 222, 112, 112, 1, 2020, 426, '2020-11-15', 1, 15, '2021-01-01', '2024-12-31', NULL, NULL, '2026-02-09 11:38:19', NULL),
  (223, 223, 112, 112, 1, 2024, 619, '2024-10-06', 1, 15, '2025-01-01', '2028-12-31', 2, 1, '2026-02-09 11:38:19', '2026-02-09 11:38:19'),
  (224, 224, 113, 113, 12, 2020, 427, '2020-11-29', 2, 25, '2021-01-01', '2024-12-31', NULL, NULL, '2026-02-09 11:38:19', NULL),
  (225, 225, 113, 201, 1, 2024, 620, '2024-10-27', 2, 15, '2025-01-01', '2028-12-31', 1, 0, '2026-02-09 11:38:19', '2026-02-09 11:38:19'),
  (226, 226, 114, 114, 6, 2020, 426, '2020-11-15', 1, 22, '2021-01-01', '2024-12-31', NULL, NULL, '2026-02-09 11:38:19', NULL),
  (227, 227, 114, 114, 1, 2024, 619, '2024-10-06', 1, 15, '2025-01-01', '2028-12-31', 2, 1, '2026-02-09 11:38:19', '2026-02-09 11:38:19'),
  (228, 228, 115, 115, 12, 2020, 426, '2020-11-15', 1, 25, '2021-01-01', '2024-12-31', NULL, NULL, '2026-02-09 11:38:19', NULL),
  (229, 229, 115, 202, 1, 2024, 619, '2024-10-06', 1, 15, '2025-01-01', '2028-12-31', 1, 0, '2026-02-09 11:38:19', '2026-02-09 11:38:19'),
  (230, 230, 116, 116, 12, 2020, 426, '2020-11-15', 1, 25, '2021-01-01', '2024-12-31', NULL, NULL, '2026-02-09 11:38:19', NULL),
  (231, 231, 116, 116, 1, 2024, 619, '2024-10-06', 1, 15, '2025-01-01', '2028-12-31', 2, 1, '2026-02-09 11:38:19', '2026-02-09 11:38:19'),
  (232, 232, 118, 117, 1, 2020, 426, '2020-11-15', 1, 15, '2021-01-01', '2024-12-31', NULL, NULL, '2026-02-09 11:38:19', NULL),
  (233, 233, 118, 203, 14, 2024, 619, '2024-10-06', 1, 11, '2025-01-01', '2028-12-31', 1, 0, '2026-02-09 11:38:19', '2026-02-09 11:38:19'),
  (234, 234, 119, 118, 1, 2020, 426, '2020-11-15', 1, 15, '2021-01-01', '2024-12-31', NULL, NULL, '2026-02-09 11:38:19', NULL),
  (235, 235, 119, 204, 8, 2024, 619, '2024-10-06', 1, 20, '2025-01-01', '2028-12-31', 1, 0, '2026-02-09 11:38:19', '2026-02-09 11:38:19'),
  (236, 236, 120, 119, 4, 2020, 426, '2020-11-15', 1, 55, '2021-01-01', '2024-12-31', NULL, NULL, '2026-02-09 11:38:19', NULL),
  (237, 237, 120, 205, 20, 2024, 619, '2024-10-06', 1, 43, '2025-01-01', '2028-12-31', 1, 0, '2026-02-09 11:38:19', '2026-02-09 11:38:19'),
  (238, 238, 124, 120, 17, 2020, 426, '2020-11-15', 1, 12, '2021-01-01', '2024-12-31', NULL, NULL, '2026-02-09 11:38:19', NULL),
  (239, 239, 124, 206, 14, 2024, 619, '2024-10-06', 1, 11, '2025-01-01', '2028-12-31', 1, 0, '2026-02-09 11:38:19', '2026-02-09 11:38:19'),
  (240, 240, 125, 121, 1, 2020, 426, '2020-11-15', 1, 15, '2021-01-01', '2024-12-31', NULL, NULL, '2026-02-09 11:38:19', NULL),
  (241, 241, 125, 121, 1, 2024, 619, '2024-10-06', 1, 15, '2025-01-01', '2028-12-31', 2, 1, '2026-02-09 11:38:19', '2026-02-09 11:38:19'),
  (242, 242, 126, 122, 6, 2020, 426, '2020-11-15', 1, 22, '2021-01-01', '2024-12-31', NULL, NULL, '2026-02-09 11:38:19', NULL),
  (243, 243, 126, 122, 1, 2024, 619, '2024-10-06', 1, 15, '2025-01-01', '2028-12-31', 2, 1, '2026-02-09 11:38:19', '2026-02-09 11:38:19'),
  (244, 244, 127, 123, 3, 2020, 426, '2020-11-15', 1, 20, '2021-01-01', '2024-12-31', NULL, NULL, '2026-02-09 11:38:19', NULL),
  (245, 245, 127, 207, 4, 2024, 619, '2024-10-06', 1, 55, '2025-01-01', '2028-12-31', 1, 0, '2026-02-09 11:38:19', '2026-02-09 11:38:19'),
  (246, 246, 128, 124, 6, 2020, 426, '2020-11-15', 1, 22, '2021-01-01', '2024-12-31', NULL, NULL, '2026-02-09 11:38:19', NULL),
  (247, 247, 128, 208, 1, 2024, 619, '2024-10-06', 1, 15, '2025-01-01', '2028-12-31', 1, 0, '2026-02-09 11:38:19', '2026-02-09 11:38:19'),
  (248, 248, 132, 125, 6, 2020, 515, '2021-11-07', 1, 22, '2021-01-01', '2024-12-31', NULL, NULL, '2026-02-09 11:38:19', NULL),
  (249, 249, 132, 125, 1, 2024, 619, '2024-10-06', 1, 15, '2025-01-01', '2028-12-31', 2, 1, '2026-02-09 11:38:19', '2026-02-09 11:38:19'),
  (250, 250, 136, 126, 1, 2020, 426, '2020-11-15', 1, 15, '2021-01-01', '2024-12-31', NULL, NULL, '2026-02-09 11:38:19', NULL),
  (251, 251, 139, 127, 4, 2020, 426, '2020-11-15', 1, 55, '2021-01-01', '2024-12-31', NULL, NULL, '2026-02-09 11:38:19', NULL),
  (252, 252, 139, 127, 1, 2024, 619, '2024-10-06', 1, 15, '2025-01-01', '2028-12-31', 2, 1, '2026-02-09 11:38:19', '2026-02-09 11:38:19'),
  (253, 253, 141, 128, 6, 2020, 426, '2020-11-15', 1, 22, '2021-01-01', '2024-12-31', NULL, NULL, '2026-02-09 11:38:19', NULL),
  (254, 254, 141, 129, 14, 2020, 591, '2023-02-05', 1, 11, '2021-01-01', '2024-12-31', NULL, NULL, '2026-02-09 11:38:19', NULL),
  (255, 255, 141, 129, 14, 2024, 619, '2024-10-06', 1, 11, '2025-01-01', '2028-12-31', 2, 1, '2026-02-09 11:38:19', '2026-02-09 11:38:19'),
  (256, 256, 100, 130, 4, 2020, 426, '2020-11-15', 1, 55, '2021-01-01', '2024-12-31', NULL, NULL, '2026-02-09 11:38:19', NULL),
  (257, 257, 100, 209, NULL, 2024, 619, '2024-10-06', 1, 25, '2025-01-01', '2028-12-31', 1, 0, '2026-02-09 11:38:19', '2026-02-09 11:38:19'),
  (258, 258, 101, 131, 1, 2020, 426, '2020-11-15', 1, 15, '2021-01-01', '2024-12-31', NULL, NULL, '2026-02-09 11:38:19', NULL),
  (259, 259, 101, 131, 1, 2024, 619, '2024-10-06', 1, 15, '2025-01-01', '2028-12-31', 2, 1, '2026-02-09 11:38:19', '2026-02-09 11:38:19'),
  (260, 260, 142, 132, 6, 2020, 426, '2020-11-15', 1, 22, '2021-01-01', '2024-12-31', NULL, NULL, '2026-02-09 11:38:19', NULL),
  (261, 261, 142, 210, 1, 2024, 619, '2024-10-06', 1, 15, '2025-01-01', '2028-12-31', 1, 0, '2026-02-09 11:38:19', '2026-02-09 11:38:19'),
  (262, 262, 102, 133, 1, 2020, 426, '2020-11-15', 1, 15, '2021-01-01', '2024-12-31', NULL, NULL, '2026-02-09 11:38:19', NULL),
  (263, 263, 102, 133, 1, 2024, 619, '2024-10-06', 1, 15, '2025-01-01', '2028-12-31', 2, 1, '2026-02-09 11:38:19', '2026-02-09 11:38:19'),
  (264, 264, 138, 134, 1, 2020, 426, '2020-11-15', 1, 15, '2021-01-01', '2024-12-31', NULL, NULL, '2026-02-09 11:38:19', NULL),
  (265, 265, 138, 211, 4, 2024, 619, '2024-10-06', 1, 55, '2025-01-01', '2028-12-31', 1, 0, '2026-02-09 11:38:19', '2026-02-09 11:38:19'),
  (266, 266, 70, 135, 2, 2020, 426, '2020-11-15', 1, 45, '2021-01-01', '2024-12-31', NULL, NULL, '2026-02-09 11:38:19', NULL),
  (267, 267, 70, 135, 19, 2024, 619, '2024-10-06', 1, 44, '2025-01-01', '2028-12-31', 2, 1, '2026-02-09 11:38:19', '2026-02-09 11:38:19'),
  (268, 268, 121, 136, 9, 2020, 426, '2020-11-15', 1, 14, '2021-01-01', '2024-12-31', NULL, NULL, '2026-02-09 11:38:19', NULL),
  (269, 269, 121, 136, 1, 2024, 619, '2024-10-06', 1, 15, '2025-01-01', '2028-12-31', 2, 1, '2026-02-09 11:38:19', '2026-02-09 11:38:19'),
  (270, 270, 40, 137, 11, 2020, 426, '2020-11-15', 1, 13, '2021-01-01', '2024-12-31', NULL, NULL, '2026-02-09 11:38:19', NULL),
  (271, 271, 40, 212, 1, 2024, 619, '2024-10-06', 1, 15, '2025-01-01', '2028-12-31', 1, 0, '2026-02-09 11:38:19', '2026-02-09 11:38:19'),
  (272, 272, 89, 138, 1, 2020, 426, '2020-11-15', 1, 15, '2021-01-01', '2024-12-31', NULL, NULL, '2026-02-09 11:38:19', NULL),
  (273, 273, 89, 213, 18, 2024, 619, '2024-10-06', 1, 70, '2025-01-01', '2028-12-31', 1, 0, '2026-02-09 11:38:19', '2026-02-09 11:38:19'),
  (274, 274, 42, 139, 1, 2020, 426, '2020-11-15', 1, 15, '2021-01-01', '2024-12-31', NULL, NULL, '2026-02-09 11:38:19', NULL),
  (275, 275, 42, 214, 1, 2024, 619, '2024-10-06', 1, 15, '2025-01-01', '2028-12-31', 1, 0, '2026-02-09 11:38:19', '2026-02-09 11:38:19'),
  (276, 276, 50, 140, 5, 2020, 426, '2020-11-15', 1, 40, '2021-01-01', '2024-12-31', NULL, NULL, '2026-02-09 11:38:19', NULL),
  (277, 277, 50, 215, 4, 2024, 619, '2024-10-06', 1, 55, '2025-01-01', '2028-12-31', 1, 0, '2026-02-09 11:38:19', '2026-02-09 11:38:19'),
  (278, 278, 103, 141, 1, 2020, 426, '2020-11-15', 1, 15, '2021-01-01', '2024-12-31', NULL, NULL, '2026-02-09 11:38:19', NULL),
  (279, 279, 103, 216, 14, 2024, 619, '2024-10-06', 1, 11, '2025-01-01', '2028-12-31', 1, 0, '2026-02-09 11:38:19', '2026-02-09 11:38:19'),
  (280, 280, 86, 142, 3, 2020, 426, '2020-11-15', 1, 20, '2021-01-01', '2024-12-31', NULL, NULL, '2026-02-09 11:38:19', NULL),
  (281, 281, 86, 142, 1, 2024, 619, '2024-10-06', 1, 15, '2025-01-01', '2028-12-31', 2, 1, '2026-02-09 11:38:19', '2026-02-09 11:38:19'),
  (282, 282, 26, 143, 17, 2020, 426, '2020-11-15', 1, 12, '2021-01-01', '2024-12-31', NULL, NULL, '2026-02-09 11:38:19', NULL),
  (283, 283, 26, 217, 14, 2024, 619, '2024-10-06', 1, 11, '2025-01-01', '2028-12-31', 1, 0, '2026-02-09 11:38:19', '2026-02-09 11:38:19'),
  (284, 284, 85, 144, 18, 2020, 426, '2020-11-15', 1, 70, '2021-01-01', '2024-12-31', NULL, NULL, '2026-02-09 11:38:19', NULL),
  (285, 285, 85, 144, 1, 2024, 619, '2024-10-06', 1, 15, '2025-01-01', '2028-12-31', 2, 1, '2026-02-09 11:38:19', '2026-02-09 11:38:19'),
  (286, 286, 46, 145, 2, 2020, 426, '2020-11-15', 1, 45, '2021-01-01', '2024-12-31', NULL, NULL, '2026-02-09 11:38:19', NULL),
  (287, 287, 46, 145, 19, 2024, 619, '2024-10-06', 1, 44, '2025-01-01', '2028-12-31', 2, 1, '2026-02-09 11:38:19', '2026-02-09 11:38:19'),
  (288, 288, 110, 146, 1, 2020, 426, '2020-11-15', 1, 15, '2021-01-01', '2024-12-31', NULL, NULL, '2026-02-09 11:38:19', NULL),
  (289, 289, 110, 218, 19, 2024, 619, '2024-10-06', 1, 44, '2025-01-01', '2028-12-31', 1, 0, '2026-02-09 11:38:19', '2026-02-09 11:38:19');


SET FOREIGN_KEY_CHECKS = 1;
